date,rougher.output.recovery,final.output.recovery
2016-12-01T00:59:59Z,83.88373417587917,69.51967058626143
2016-12-01T01:59:59Z,85.25515929400916,71.9094873107662
2016-12-01T02:59:59Z,85.17595344996234,71.13107990759654
2016-12-01T03:59:59Z,85.6738623954643,70.49074030695989
2016-12-01T04:59:59Z,86.68989516967775,71.05489908587778
2016-12-01T05:59:59Z,84.60814371732825,69.01745879883087
2016-12-01T06:59:59Z,83.95408613823301,70.09377438068388
2016-12-01T07:59:59Z,83.24572203072165,69.95618627385582
2016-12-01T08:59:59Z,83.01319304787742,67.68153685038861
2016-12-01T09:59:59Z,83.70732386659606,68.02334244675119
2016-12-01T10:59:59Z,84.45193579553553,68.98411468666065
2016-12-01T11:59:59Z,84.88644491826655,68.74136333077347
2016-12-01T12:59:59Z,85.24358932152957,69.58381926802738
2016-12-01T13:59:59Z,84.49371669482244,69.51319605812347
2016-12-01T14:59:59Z,83.95820600342772,69.78413216701468
2016-12-01T15:59:59Z,84.03226228184751,70.20193114916256
2016-12-01T16:59:59Z,84.72435470314437,71.15068079627177
2016-12-01T17:59:59Z,86.24468492574853,72.1178891808692
2016-12-01T18:59:59Z,86.73003992735339,71.26139892938787
2016-12-01T19:59:59Z,87.27917839689412,69.56784863539387
2016-12-01T20:59:59Z,85.8876061914777,65.36902682966233
2016-12-01T21:59:59Z,86.77219303955154,68.33442160429694
2016-12-01T22:59:59Z,86.56372881781773,70.0319396169488
2016-12-01T23:59:59Z,86.16398119060032,69.18341013196343
2016-12-02T00:59:59Z,86.86820323307546,70.40950494991299
2016-12-02T01:59:59Z,87.17111382237326,70.54028028662754
2016-12-02T02:59:59Z,87.38985377912098,69.70010046847405
2016-12-02T03:59:59Z,88.44597547907338,71.23035236870132
2016-12-02T04:59:59Z,86.03593410007306,67.2558503615275
2016-12-02T05:59:59Z,85.47088485790856,66.61688852216366
2016-12-02T06:59:59Z,87.32393806293642,69.92450609398468
2016-12-02T07:59:59Z,87.62057739641251,71.23965908886495
2016-12-02T08:59:59Z,88.08949813452058,70.89918463834162
2016-12-02T09:59:59Z,88.1984730354758,69.20127577695534
2016-12-02T10:59:59Z,88.44634290639006,70.62955668418765
2016-12-02T11:59:59Z,88.86343725046953,70.94596100960997
2016-12-02T12:59:59Z,88.72478102850641,71.10018454263178
2016-12-02T13:59:59Z,87.08330454274945,69.23291737853665
2016-12-02T14:59:59Z,84.46578557209648,67.17645721524026
2016-12-02T15:59:59Z,85.16911297425281,70.31858410403856
2016-12-02T16:59:59Z,87.26379271034158,73.02355739958121
2016-12-02T17:59:59Z,88.24668577386896,72.35189885215098
2016-12-02T18:59:59Z,89.24643582841378,72.1345542227198
2016-12-02T19:59:59Z,88.66074551925635,71.33602298072377
2016-12-02T20:59:59Z,87.89153457074565,70.50413827424482
2016-12-02T21:59:59Z,86.9657240792863,70.90127955638373
2016-12-02T22:59:59Z,85.96403479547392,68.70679328628172
2016-12-02T23:59:59Z,86.57445067659242,69.55428973039477
2016-12-03T00:59:59Z,87.55012280964172,71.25333372873357
2016-12-03T01:59:59Z,88.30201362792688,72.67129124147712
2016-12-03T02:59:59Z,88.26793487723904,72.32729135875012
2016-12-03T03:59:59Z,88.17362144285764,72.2334237550196
2016-12-03T04:59:59Z,88.67007051614843,72.63332864555781
2016-12-03T05:59:59Z,89.28223420275157,73.24258310721807
2016-12-03T06:59:59Z,89.62450311701681,72.8038177987425
2016-12-03T07:59:59Z,89.49150506303731,71.37295409448953
2016-12-03T08:59:59Z,89.77382217542154,72.73097341457517
2016-12-03T09:59:59Z,90.06779167885857,72.43400514331697
2016-12-03T10:59:59Z,90.01932530395302,72.10369081149005
2016-12-03T11:59:59Z,89.5784869665327,72.22035000124119
2016-12-03T12:59:59Z,88.87304831957053,71.17005255328615
2016-12-03T13:59:59Z,88.66144793819315,70.96357297312022
2016-12-03T14:59:59Z,87.79345487343521,69.87893656073277
2016-12-03T15:59:59Z,87.90382557280758,70.35430993850667
2016-12-03T16:59:59Z,88.82900064365415,71.96622506408633
2016-12-03T17:59:59Z,89.09367486404552,72.75035179614439
2016-12-03T18:59:59Z,88.88882642487808,72.70509634472693
2016-12-03T19:59:59Z,87.84718859276755,71.4903942023501
2016-12-03T20:59:59Z,87.62469566640904,71.6489774718033
2016-12-03T21:59:59Z,87.6327397191537,73.19300649765906
2016-12-03T22:59:59Z,87.4011105610224,73.23234700098106
2016-12-03T23:59:59Z,86.59116994883267,71.45850905095921
2016-12-04T00:59:59Z,85.4695432962299,69.70328804838188
2016-12-04T01:59:59Z,85.11657459009828,69.88550266359913
2016-12-04T02:59:59Z,85.0293063485276,70.63310939396999
2016-12-04T03:59:59Z,84.75117583379574,70.08130151299568
2016-12-04T04:59:59Z,84.67105381425453,70.33856843753401
2016-12-04T05:59:59Z,84.66765231997852,69.43295516365905
2016-12-04T06:59:59Z,86.077626199994,70.93271345868743
2016-12-04T07:59:59Z,86.80846359255386,73.29753573785388
2016-12-04T08:59:59Z,87.00470912787706,73.64495856702467
2016-12-04T09:59:59Z,87.407695539155,73.45064868374399
2016-12-04T10:59:59Z,87.37641582955969,72.25341977890591
2016-12-04T11:59:59Z,86.96998751231823,69.88275542174704
2016-12-04T12:59:59Z,87.63478050937277,69.40761624147004
2016-12-04T13:59:59Z,88.38683988693346,69.61853933920183
2016-12-04T14:59:59Z,89.24919552128428,69.67915947132657
2016-12-04T15:59:59Z,88.97483206708056,70.06308242852009
2016-12-04T16:59:59Z,89.22670641718703,70.46411271401843
2016-12-04T17:59:59Z,88.66798559211274,69.49767043970202
2016-12-04T18:59:59Z,88.55968918212145,69.94568908222296
2016-12-04T19:59:59Z,88.21129683373354,69.57395920269639
2016-12-04T20:59:59Z,87.74194220171752,68.71047381100414
2016-12-04T21:59:59Z,87.30322281922761,68.84963505476226
2016-12-04T22:59:59Z,87.89482971847559,69.56664881161194
2016-12-04T23:59:59Z,88.94725002689206,71.12555152175885
2016-12-05T00:59:59Z,89.12548471117299,71.6254166580641
2016-12-05T01:59:59Z,89.15132585840232,71.76635055475629
2016-12-05T02:59:59Z,89.41122405540972,72.73307261909395
2016-12-05T03:59:59Z,89.13920128868499,72.4320403782931
2016-12-05T04:59:59Z,88.9091162824026,72.08376492994891
2016-12-05T05:59:59Z,88.70816065855401,71.79605661729089
2016-12-05T06:59:59Z,88.56738229126408,71.81924567660074
2016-12-05T07:59:59Z,81.55216059589596,70.7880850088038
2016-12-05T08:59:59Z,86.81789015039743,68.75172686227084
2016-12-05T09:59:59Z,87.29852708748594,69.27233270036017
2016-12-05T10:59:59Z,88.03311319579474,70.28217321266607
2016-12-05T11:59:59Z,89.16879327859418,70.94407067340791
2016-12-05T12:59:59Z,89.54154111296282,72.22929626768664
2016-12-05T13:59:59Z,90.6745338185431,72.60370441575922
2016-12-05T14:59:59Z,90.81236532304145,72.9205471308388
2016-12-05T15:59:59Z,90.86865135947944,72.72412245585154
2016-12-05T16:59:59Z,90.46694855101256,73.0844152363201
2016-12-05T17:59:59Z,90.4887719257314,73.42116863543268
2016-12-05T18:59:59Z,89.84152770397644,73.1784924877267
2016-12-05T19:59:59Z,89.87511726055237,73.53560665092043
2016-12-05T20:59:59Z,86.37066038555835,70.53151600059981
2016-12-05T21:59:59Z,89.95837490800443,73.88066334498116
2016-12-05T22:59:59Z,90.13792722599115,73.84114670643687
2016-12-05T23:59:59Z,89.6711445851918,72.6904365945885
2016-12-06T00:59:59Z,90.05871500115157,72.28576942849364
2016-12-06T01:59:59Z,90.43791913433208,74.27144349577347
2016-12-06T02:59:59Z,90.33548720462376,73.33132174679861
2016-12-06T03:59:59Z,89.94249311481447,71.98732699894798
2016-12-06T04:59:59Z,90.22009801174238,72.8569350380133
2016-12-06T05:59:59Z,90.38432153857869,72.86883040039302
2016-12-06T06:59:59Z,90.5048802370645,72.9702157048059
2016-12-06T07:59:59Z,90.64469616811249,72.8955413847893
2016-12-06T08:59:59Z,90.44468277466207,72.2346341001533
2016-12-06T09:59:59Z,90.75515407165264,72.7679762294049
2016-12-06T10:59:59Z,90.73332963346833,72.59317293231317
2016-12-06T11:59:59Z,90.72957028306479,72.5430001128203
2016-12-06T12:59:59Z,90.50634675593479,72.15735671977188
2016-12-06T13:59:59Z,90.0425194856507,70.96121541096346
2016-12-06T14:59:59Z,89.60034862600813,68.70801571148598
2016-12-06T15:59:59Z,89.71980770120757,70.34594585352605
2016-12-06T16:59:59Z,89.3008491021755,70.29448163552286
2016-12-06T17:59:59Z,89.58430412260267,71.25600459336538
2016-12-06T18:59:59Z,89.55467810179874,71.13606118314198
2016-12-06T19:59:59Z,89.8816554462047,71.06228936129976
2016-12-06T20:59:59Z,89.46102933333027,70.22474494692581
2016-12-06T21:59:59Z,89.61081738000317,71.27663189835812
2016-12-06T22:59:59Z,89.43126187162007,71.18608943146786
2016-12-06T23:59:59Z,89.55155683067161,71.95783993640215
2016-12-07T00:59:59Z,89.53341410991223,72.25874475194261
2016-12-07T01:59:59Z,89.56442901660782,72.46789636577944
2016-12-07T02:59:59Z,89.46304460037828,72.20400332770168
2016-12-07T03:59:59Z,89.38395254713576,72.00319943229827
2016-12-07T04:59:59Z,89.5196954054693,72.51616365156212
2016-12-07T05:59:59Z,89.19875216408731,72.28594244627837
2016-12-07T06:59:59Z,88.58598336563703,71.34331077038588
2016-12-07T07:59:59Z,89.34090771914882,73.6311467599033
2016-12-07T08:59:59Z,89.85857505531132,73.36483887675357
2016-12-07T09:59:59Z,89.46446964409562,71.51908086280172
2016-12-07T10:59:59Z,89.83791085794464,71.68577765319144
2016-12-07T11:59:59Z,90.18217696034505,72.76064245753872
2016-12-07T12:59:59Z,89.99234412174982,73.92566043876062
2016-12-07T13:59:59Z,89.63831646988572,73.28047010527648
2016-12-07T14:59:59Z,89.81508995262367,73.505785243196
2016-12-07T15:59:59Z,89.9780819864565,73.4195888739478
2016-12-07T16:59:59Z,90.77952870001168,73.66190106081835
2016-12-07T17:59:59Z,90.67149124386006,73.51476346337647
2016-12-07T18:59:59Z,90.22516329773165,73.07027453953586
2016-12-07T19:59:59Z,61.34296001403638,64.37972760055642
2016-12-07T20:59:59Z,90.01026245129701,68.58913261971358
2016-12-07T21:59:59Z,88.90837823737287,70.63444872308285
2016-12-07T22:59:59Z,88.96450900785362,69.48940533336402
2016-12-07T23:59:59Z,89.95378499107609,70.41338460095972
2016-12-08T00:59:59Z,89.62250699234708,73.67930337665251
2016-12-08T01:59:59Z,90.388763633808,73.41582846488785
2016-12-08T02:59:59Z,90.2305454964282,74.02474429489286
2016-12-08T03:59:59Z,90.18633511029635,74.13655976603101
2016-12-08T04:59:59Z,90.55384218687472,74.36999660816066
2016-12-08T05:59:59Z,90.34910913370975,73.46952398882652
2016-12-08T06:59:59Z,90.65460553927521,73.88119720616378
2016-12-08T07:59:59Z,90.65553713501878,73.70333882026064
2016-12-08T08:59:59Z,90.71630993223543,73.91816611885999
2016-12-08T09:59:59Z,90.02170002232674,73.88317444093789
2016-12-08T10:59:59Z,89.78675710581993,74.16309929136133
2016-12-08T11:59:59Z,89.74635817989919,73.44509652744489
2016-12-08T12:59:59Z,90.04082325824089,73.80144925651393
2016-12-08T13:59:59Z,90.18076999554056,73.63113351079366
2016-12-08T14:59:59Z,90.26637045740252,73.53861887496535
2016-12-08T15:59:59Z,90.2131365668367,73.16408135323391
2016-12-08T16:59:59Z,89.87205341656012,72.93452961766673
2016-12-08T17:59:59Z,89.32195782810477,72.48115677613193
2016-12-08T18:59:59Z,89.15210750551593,72.85151069665427
2016-12-08T19:59:59Z,84.64559285592739,69.9237279036331
2016-12-08T20:59:59Z,88.57818603687925,72.44114251661668
2016-12-08T21:59:59Z,88.41065087859833,71.96104738997444
2016-12-08T22:59:59Z,89.32772393783263,73.36355215439957
2016-12-08T23:59:59Z,89.33587327365791,73.01314126132496
2016-12-09T00:59:59Z,89.6817473358349,74.62860052373367
2016-12-09T01:59:59Z,89.97255941031912,72.83374364062527
2016-12-09T02:59:59Z,89.52123636692185,72.60383456877747
2016-12-09T03:59:59Z,89.14757714265339,72.4316814832937
2016-12-09T04:59:59Z,89.0493022994309,72.85895202011633
2016-12-09T05:59:59Z,88.93625273056306,73.31279793280127
2016-12-09T06:59:59Z,89.27118054275314,73.65785930301837
2016-12-09T07:59:59Z,89.52760865196231,73.75877621243745
2016-12-09T08:59:59Z,90.09445594835448,74.51700872874065
2016-12-09T09:59:59Z,90.4955951201272,74.44300154036246
2016-12-09T10:59:59Z,90.5368554530711,73.76915961759929
2016-12-09T11:59:59Z,90.56921883397085,73.4446694384988
2016-12-09T12:59:59Z,90.51119403150462,74.16490506706951
2016-12-09T13:59:59Z,89.91318081632144,73.31933286129201
2016-12-09T14:59:59Z,86.19981997662562,70.3193580079135
2016-12-09T15:59:59Z,88.20153315733894,68.96267139238589
2016-12-09T16:59:59Z,89.35664169063975,72.5479092976221
2016-12-09T17:59:59Z,89.78023806254589,73.88320249787596
2016-12-09T18:59:59Z,90.62953008717757,73.17484898257534
2016-12-09T19:59:59Z,91.63185479160272,71.75620368516952
2016-12-09T20:59:59Z,88.86899385750164,69.89409432152182
2016-12-09T21:59:59Z,86.75399927245003,68.90073959840666
2016-12-09T22:59:59Z,87.43265241485378,69.889529223891
2016-12-09T23:59:59Z,86.8750322765313,71.20701211366968
2016-12-10T00:59:59Z,87.54990107709317,73.13421552202422
2016-12-10T01:59:59Z,87.67889092975133,73.0827279232393
2016-12-10T02:59:59Z,87.24942210157126,72.69787830773028
2016-12-10T03:59:59Z,87.09442945493373,71.5643756718684
2016-12-10T04:59:59Z,88.0435909892462,71.21123585188738
2016-12-10T05:59:59Z,88.70558175481183,71.85909743968303
2016-12-10T06:59:59Z,89.16625372307405,72.38682350516548
2016-12-10T07:59:59Z,88.61559343445906,72.11933489253887
2016-12-10T08:59:59Z,88.69838528403933,72.19470829792891
2016-12-10T09:59:59Z,88.84730501116357,71.98042577154364
2016-12-10T10:59:59Z,89.10658267607467,71.84368326965445
2016-12-10T11:59:59Z,88.75567204147585,71.67598149533048
2016-12-10T12:59:59Z,87.04851327020293,71.7281362257538
2016-12-10T13:59:59Z,85.3764238676945,71.16089936692248
2016-12-10T14:59:59Z,84.92526911770636,68.7467120742716
2016-12-10T15:59:59Z,87.08784341333568,70.45208563990168
2016-12-10T16:59:59Z,88.02627511288249,72.29156006876629
2016-12-10T17:59:59Z,86.16201218429985,70.90480810602497
2016-12-10T18:59:59Z,87.04357985393078,71.86632911546901
2016-12-10T19:59:59Z,89.59842800738612,75.60291978341152
2016-12-10T20:59:59Z,89.31679576675857,75.21818278533445
2016-12-10T21:59:59Z,89.99310981688153,74.03520875343132
2016-12-10T22:59:59Z,90.75144895798759,73.99325817550998
2016-12-10T23:59:59Z,90.45536528521471,74.21789371204085
2016-12-11T00:59:59Z,86.87198119412457,70.48792409180173
2016-12-11T01:59:59Z,89.42185339268933,74.45053093143568
2016-12-11T02:59:59Z,89.10938278063266,73.33474391388302
2016-12-11T03:59:59Z,89.0391653466596,73.59457142369938
2016-12-11T04:59:59Z,89.42086649674181,73.3888984805028
2016-12-11T05:59:59Z,89.57427032598106,74.49223133499261
2016-12-11T06:59:59Z,89.70095139512405,74.56145247735273
2016-12-11T07:59:59Z,89.08339487516974,74.4437996043785
2016-12-11T08:59:59Z,84.22527408457111,68.2429684559587
2016-12-11T09:59:59Z,88.86552589663432,73.40070577527138
2016-12-11T10:59:59Z,89.72178149310261,70.35778549170934
2016-12-11T11:59:59Z,90.08871642526313,73.7599413547265
2016-12-11T12:59:59Z,89.97454702726516,73.9695617532368
2016-12-11T13:59:59Z,89.31840585346606,73.5501027355868
2016-12-11T14:59:59Z,89.64907023262424,74.10278233003957
2016-12-11T15:59:59Z,89.51796514716476,74.33317577374868
2016-12-11T16:59:59Z,89.51612322498684,73.50651472358567
2016-12-11T17:59:59Z,89.95127521258885,73.79201978724628
2016-12-11T18:59:59Z,89.68536737226309,72.8831090437894
2016-12-11T19:59:59Z,89.64510244299039,72.6127488814879
2016-12-11T20:59:59Z,89.30395654825165,72.37600482778396
2016-12-11T21:59:59Z,88.7529692440075,72.53596678399924
2016-12-11T22:59:59Z,87.32999662566598,71.70104101717793
2016-12-11T23:59:59Z,86.50162987917159,72.0167813283994
2016-12-12T00:59:59Z,87.86421999212052,73.11355392521828
2016-12-12T01:59:59Z,88.0209801183537,72.34960753554243
2016-12-12T02:59:59Z,89.30129469420353,73.27749373176353
2016-12-12T03:59:59Z,90.08544414204059,73.35338619050773
2016-12-12T04:59:59Z,89.830109275325,73.51464889754604
2016-12-12T05:59:59Z,88.11154058312432,72.41044705733563
2016-12-12T06:59:59Z,87.1500614601134,69.49204112682325
2016-12-12T07:59:59Z,86.43454700964392,65.22845260732893
2016-12-12T08:59:59Z,86.25005914845413,62.95480339421971
2016-12-12T09:59:59Z,86.9988451793268,64.48438036921466
2016-12-12T10:59:59Z,86.62402571424073,65.68659444639515
2016-12-12T11:59:59Z,86.82855936763181,68.16655947677833
2016-12-12T12:59:59Z,86.06441902243768,67.42463330216617
2016-12-12T13:59:59Z,84.32000891714131,62.950115157805165
2016-12-12T14:59:59Z,86.90892385729806,66.25003728629278
2016-12-12T15:59:59Z,86.44390497396527,66.36018522059467
2016-12-12T16:59:59Z,86.96838221120531,67.32171733591004
2016-12-12T17:59:59Z,87.26581967550965,68.48566642572763
2016-12-12T18:59:59Z,87.86689567121962,69.98985304081378
2016-12-12T19:59:59Z,88.7069988225382,70.40096472971007
2016-12-12T20:59:59Z,87.86767465966958,68.04359117791991
2016-12-12T21:59:59Z,86.55695773322951,62.25698447980272
2016-12-12T22:59:59Z,77.90739194908289,56.5775739897152
2016-12-12T23:59:59Z,85.42878731178074,67.61132465514333
2016-12-13T00:59:59Z,87.82276664019551,69.43218515658106
2016-12-13T01:59:59Z,88.57245768017523,70.01351049511743
2016-12-13T02:59:59Z,89.2846599674674,71.5746620467861
2016-12-13T03:59:59Z,89.73638712773975,72.79541669419082
2016-12-13T04:59:59Z,89.02582151379158,71.28678500282001
2016-12-13T05:59:59Z,89.3684142532896,71.4948201843297
2016-12-13T06:59:59Z,89.61979409195686,71.05759566936948
2016-12-13T07:59:59Z,89.02169207740772,70.30606252638844
2016-12-13T08:59:59Z,87.64354718689799,69.83498965373224
2016-12-13T09:59:59Z,87.8027484980962,71.50555274249855
2016-12-13T10:59:59Z,88.14182701597936,71.75070959114503
2016-12-13T11:59:59Z,88.49728821928447,69.63030065176636
2016-12-13T12:59:59Z,82.08920560208408,69.28083823907019
2016-12-13T13:59:59Z,88.33343796882485,71.99221669976501
2016-12-13T14:59:59Z,87.33022101687818,70.66053427156812
2016-12-13T15:59:59Z,86.93806227918827,70.5178499336845
2016-12-13T16:59:59Z,86.88129342943111,69.1585657133078
2016-12-13T17:59:59Z,88.02643197403795,71.39471653643477
2016-12-13T18:59:59Z,89.10851286588581,71.19267268024082
2016-12-13T19:59:59Z,88.7270674792469,71.40168284034823
2016-12-13T20:59:59Z,87.57752884629646,70.848874651596
2016-12-13T21:59:59Z,87.5517993629405,71.10542807261217
2016-12-13T22:59:59Z,87.09661593992091,70.43604330620423
2016-12-13T23:59:59Z,87.93231368556857,71.25165031244973
2016-12-14T00:59:59Z,88.0756135294658,72.08372752069816
2016-12-14T01:59:59Z,88.01789394158678,71.69663101206585
2016-12-14T02:59:59Z,87.90446046168762,71.1118219370532
2016-12-14T03:59:59Z,88.04993721938287,71.377306037327
2016-12-14T04:59:59Z,88.12314724516231,72.05556926591342
2016-12-14T05:59:59Z,88.72016718360521,72.50707008619185
2016-12-14T06:59:59Z,89.04478629335209,72.71724110211166
2016-12-14T07:59:59Z,89.24282323624381,72.56817459017788
2016-12-14T08:59:59Z,85.3839202357269,71.52178368116854
2016-12-14T09:59:59Z,86.83792530794412,71.15186698126436
2016-12-14T10:59:59Z,86.67309135193337,70.05063527969178
2016-12-14T11:59:59Z,86.9188582198991,71.44399971718319
2016-12-14T12:59:59Z,87.54658572351946,72.13895994135522
2016-12-14T13:59:59Z,88.06332040047293,72.8266366623418
2016-12-14T14:59:59Z,89.8536139889372,75.0267596492368
2016-12-14T15:59:59Z,89.70374405542383,74.34042693351942
2016-12-14T16:59:59Z,88.53754783122986,72.16424586710566
2016-12-14T17:59:59Z,88.66472288007934,73.47062600300492
2016-12-14T18:59:59Z,88.34885077374665,73.31172943107667
2016-12-14T19:59:59Z,89.6143310698853,72.89365533506388
2016-12-14T20:59:59Z,89.92081756179466,73.21054364266782
2016-12-14T21:59:59Z,89.66711405109578,72.76478436302041
2016-12-14T22:59:59Z,90.02916661332625,73.64533889440733
2016-12-14T23:59:59Z,90.01623274639334,74.08769704967385
2016-12-15T00:59:59Z,89.82733150354167,74.27868062707518
2016-12-15T01:59:59Z,88.8799220285757,73.76100751837292
2016-12-15T02:59:59Z,88.53158710732268,73.82573643320524
2016-12-15T03:59:59Z,88.34786068740274,73.35707801594133
2016-12-15T04:59:59Z,88.49029274348405,73.45380041311984
2016-12-15T05:59:59Z,89.01585312029579,74.3499218689759
2016-12-15T06:59:59Z,89.11181067227942,74.20987098647333
2016-12-15T07:59:59Z,88.82370192699626,73.03277644181338
2016-12-15T08:59:59Z,88.85969066165151,72.84900271813511
2016-12-15T09:59:59Z,88.31854041291876,72.63785906169575
2016-12-15T10:59:59Z,87.64111557312211,71.7435979367052
2016-12-15T11:59:59Z,87.8493027621034,71.73209770953655
2016-12-15T12:59:59Z,86.86592635352413,71.01277198305445
2016-12-15T13:59:59Z,86.3969923220978,67.91361585361987
2016-12-15T14:59:59Z,88.13272906896314,69.74082862119114
2016-12-15T15:59:59Z,87.74784815715347,67.48145873341775
2016-12-15T16:59:59Z,86.77624324775857,68.94581034164854
2016-12-15T17:59:59Z,86.15869576726068,71.21760204907004
2016-12-15T18:59:59Z,86.35063001360624,72.09594281010776
2016-12-15T19:59:59Z,86.5237627223395,72.44894624219542
2016-12-15T20:59:59Z,86.7665556091444,71.56216073248014
2016-12-15T21:59:59Z,86.26443082068991,71.2499743000801
2016-12-15T22:59:59Z,86.93722799053435,72.01666520385018
2016-12-15T23:59:59Z,86.00721308837618,71.62694342311042
2016-12-16T00:59:59Z,86.07551415758907,72.45828647481284
2016-12-16T01:59:59Z,86.84555514089186,73.17788614612076
2016-12-16T02:59:59Z,87.42867664922898,73.38972070465995
2016-12-16T03:59:59Z,87.72254299651632,73.44419480862989
2016-12-16T04:59:59Z,88.28056991037751,73.4326392469445
2016-12-16T05:59:59Z,87.92715960021334,72.51925030442887
2016-12-16T06:59:59Z,87.78266388940557,72.56893056878683
2016-12-16T07:59:59Z,87.52221162689315,71.8478123157062
2016-12-16T08:59:59Z,87.57834292910663,72.25729124667903
2016-12-16T09:59:59Z,87.13911414666106,72.8595903154573
2016-12-16T10:59:59Z,86.30531149646434,73.48352128348287
2016-12-16T11:59:59Z,85.49852405936556,72.18230596226556
2016-12-16T12:59:59Z,85.19375931803705,71.19686173696564
2016-12-16T13:59:59Z,84.33098627349293,69.92457623632983
2016-12-16T14:59:59Z,83.6386194781072,67.93012073711569
2016-12-16T15:59:59Z,83.56885747321769,67.25300833008951
2016-12-16T16:59:59Z,83.18137612249025,66.14734791877947
2016-12-16T17:59:59Z,83.27356741154485,66.76292152379916
2016-12-16T18:59:59Z,82.4605908713312,66.68874336345465
2016-12-16T19:59:59Z,81.52380967017939,66.36826834651495
2016-12-16T20:59:59Z,80.92280652185347,64.65579725233401
2016-12-16T21:59:59Z,81.51898366391877,62.95079086239687
2016-12-16T22:59:59Z,82.25393693367788,64.7908364642749
2016-12-16T23:59:59Z,84.51333497390853,67.40475622800687
2016-12-17T00:59:59Z,85.93797244742876,69.48454641724291
2016-12-17T01:59:59Z,85.04087632100719,69.01692805508583
2016-12-17T02:59:59Z,84.13333616616252,66.82612016646792
2016-12-17T03:59:59Z,86.84607836589852,68.6507852081911
2016-12-17T04:59:59Z,87.15992403879586,69.44034349068255
2016-12-17T05:59:59Z,86.84056217055391,71.96266261231159
2016-12-17T06:59:59Z,86.61925500818407,71.58208193786494
2016-12-17T07:59:59Z,86.20289605047067,71.27092737729814
2016-12-17T08:59:59Z,83.92866904785612,71.7364940758593
2016-12-17T09:59:59Z,85.36562756633755,70.14429674286346
2016-12-17T10:59:59Z,85.40374376364691,69.70249505020188
2016-12-17T11:59:59Z,87.30975621928538,71.48770541245231
2016-12-17T12:59:59Z,86.73796540369919,68.19558262564686
2016-12-17T13:59:59Z,86.70866373986075,67.4867273977385
2016-12-17T14:59:59Z,87.03078211057682,68.67640645331937
2016-12-17T15:59:59Z,86.82858861293198,70.07614488158734
2016-12-17T16:59:59Z,86.61326876110584,71.21578886944765
2016-12-17T17:59:59Z,86.34529460738995,72.65714197173959
2016-12-17T18:59:59Z,85.9958239050249,70.88857677767528
2016-12-17T19:59:59Z,85.45001089197976,69.20300868256048
2016-12-17T20:59:59Z,86.12452289987957,70.71953606391813
2016-12-17T21:59:59Z,86.80212321147722,71.79657333256691
2016-12-17T22:59:59Z,87.52624535138555,73.31735328843972
2016-12-17T23:59:59Z,87.71124473946193,73.0318147123253
2016-12-18T00:59:59Z,88.28879049838865,74.1623752664874
2016-12-18T01:59:59Z,89.97154167387325,75.27684360795105
2016-12-18T02:59:59Z,91.02311227338662,76.04936645804149
2016-12-18T03:59:59Z,91.01470026159255,74.20299158113193
2016-12-18T04:59:59Z,90.90050853081992,73.35898900516723
2016-12-18T05:59:59Z,89.88203510337416,71.21794418784253
2016-12-18T06:59:59Z,89.21155203437219,69.8733649204489
2016-12-18T07:59:59Z,88.66685991392261,69.05718859216852
2016-12-18T08:59:59Z,88.09367542685018,68.25331523122918
2016-12-18T09:59:59Z,87.73863854626389,66.56644131945532
2016-12-18T10:59:59Z,86.80201367453478,65.38836682778154
2016-12-18T11:59:59Z,86.72584189744731,65.43341126764398
2016-12-18T12:59:59Z,86.74119940216515,66.5648483088608
2016-12-18T13:59:59Z,86.39134957436337,66.88398838058421
2016-12-18T14:59:59Z,85.87318134596889,67.67089917922557
2016-12-18T15:59:59Z,85.78103472246364,67.85382349858794
2016-12-18T16:59:59Z,85.9304330090452,68.4275589482784
2016-12-18T17:59:59Z,84.97779739893902,67.38423316233263
2016-12-18T18:59:59Z,84.85310687127208,68.68089478405021
2016-12-18T19:59:59Z,84.42622439109239,69.4672910106539
2016-12-18T20:59:59Z,83.62734807355571,67.8112949282585
2016-12-18T21:59:59Z,83.14341944499999,67.85333639896878
2016-12-18T22:59:59Z,82.78858183125439,68.53509846411967
2016-12-18T23:59:59Z,82.35103425476899,65.97120256481702
2016-12-19T00:59:59Z,82.44977489586326,66.70702012052514
2016-12-19T01:59:59Z,82.72384988506076,65.54896668965809
2016-12-19T02:59:59Z,82.99259770989931,65.99611887937644
2016-12-19T03:59:59Z,84.4252037301165,67.75275091213058
2016-12-19T04:59:59Z,87.48146601123223,72.4684095739382
2016-12-19T05:59:59Z,89.64433781132416,73.7112812718109
2016-12-19T06:59:59Z,90.10376020767006,72.13734978485411
2016-12-19T07:59:59Z,89.18291716337762,70.62778481061297
2016-12-19T08:59:59Z,86.99585790484772,69.29036824569926
2016-12-19T09:59:59Z,86.14076627132616,68.5054980047825
2016-12-19T10:59:59Z,85.94570809518983,68.3250903343125
2016-12-19T11:59:59Z,84.97532962733749,68.31958454989714
2016-12-19T12:59:59Z,84.86489006857653,69.160702716757
2016-12-19T13:59:59Z,84.57810959165377,68.19426024760075
2016-12-19T14:59:59Z,84.46050812474779,67.37892026936647
2016-12-19T15:59:59Z,84.54577891231693,67.71996277546566
2016-12-19T16:59:59Z,85.21560582312968,68.702845830968
2016-12-19T17:59:59Z,85.38801457775057,70.06913727162618
2016-12-19T18:59:59Z,85.0779936583826,70.41780590678296
2016-12-19T19:59:59Z,85.00231399993706,69.11367695048364
2016-12-19T20:59:59Z,85.0284337751171,68.95634844964941
2016-12-19T21:59:59Z,84.98226528320575,68.91064798401989
2016-12-19T22:59:59Z,85.48094816569672,69.76115197602152
2016-12-19T23:59:59Z,87.68092321224671,73.38636556248314
2016-12-20T00:59:59Z,87.78260327187431,72.34941113697597
2016-12-20T01:59:59Z,85.909004711745,67.98369039451276
2016-12-20T02:59:59Z,85.19381408650828,65.53571251418073
2016-12-20T03:59:59Z,85.7080490878964,66.90571224423961
2016-12-20T04:59:59Z,85.75788786497897,67.63311232884885
2016-12-20T05:59:59Z,85.3222355168777,67.65764266567004
2016-12-20T06:59:59Z,86.23785269189631,70.4582624527524
2016-12-20T07:59:59Z,87.12000207713425,70.61852796945034
2016-12-20T08:59:59Z,86.71728525435059,69.38393462702527
2016-12-20T09:59:59Z,86.07082055277832,68.72654634487799
2016-12-20T10:59:59Z,86.02481078308696,68.97204747553528
2016-12-20T11:59:59Z,86.5441206416535,70.80144556683797
2016-12-20T12:59:59Z,86.99504648070122,71.4083155784425
2016-12-20T13:59:59Z,87.18571307621762,71.09156326905224
2016-12-20T14:59:59Z,87.17359701422397,70.503180051874
2016-12-20T15:59:59Z,86.80917451921434,68.89713194378727
2016-12-20T16:59:59Z,86.81055330218412,68.49023503047572
2016-12-20T17:59:59Z,86.20344586211384,68.3504374397751
2016-12-20T18:59:59Z,86.0645211151219,69.28974280978824
2016-12-20T19:59:59Z,85.0639984529199,69.56483991846622
2016-12-20T20:59:59Z,84.17036390657287,69.5124755403668
2016-12-20T21:59:59Z,84.05859155972331,69.21831296291498
2016-12-20T22:59:59Z,84.54806217266103,70.2508959615999
2016-12-20T23:59:59Z,84.72920942297243,70.27737391753836
2016-12-21T00:59:59Z,84.5164376343901,69.176924692794
2016-12-21T01:59:59Z,83.78323349944748,67.80026864901929
2016-12-21T02:59:59Z,84.0811245317708,69.44704169496562
2016-12-21T03:59:59Z,83.88970021711364,69.92193498735486
2016-12-21T04:59:59Z,84.30756690298395,71.38279701391394
2016-12-21T05:59:59Z,84.34203142576766,71.29749495956654
2016-12-21T06:59:59Z,84.31304906743381,71.2798299996177
2016-12-21T07:59:59Z,84.05899913286112,71.91028966125889
2016-12-21T08:59:59Z,84.13583504412878,71.97469202450651
2016-12-21T09:59:59Z,83.89486121499438,71.77663030511917
2016-12-21T10:59:59Z,84.10629436642807,72.67369244775975
2016-12-21T11:59:59Z,84.6329756358354,72.239501199548
2016-12-21T12:59:59Z,83.95301522851409,69.03205230342108
2016-12-21T13:59:59Z,84.03930481599457,68.12173091946711
2016-12-21T14:59:59Z,84.38594085117414,67.35498409666074
2016-12-21T15:59:59Z,85.35378242217001,68.19316466313732
2016-12-21T16:59:59Z,86.42783228872511,68.54149680987719
2016-12-21T17:59:59Z,86.00109603504629,66.83093081101676
2016-12-21T18:59:59Z,85.73741668659339,70.37771565972713
2016-12-21T19:59:59Z,85.96578632308768,73.5461116361472
2016-12-21T20:59:59Z,86.02656762802803,73.92992743142452
2016-12-21T21:59:59Z,87.28143613406716,73.96696804518467
2016-12-21T22:59:59Z,88.80704699441638,74.7905537431921
2016-12-21T23:59:59Z,89.51438445895862,74.63827860864696
2016-12-22T00:59:59Z,89.05319670994797,73.91809285907726
2016-12-22T01:59:59Z,87.62463398541232,71.24101244644683
2016-12-22T02:59:59Z,87.03413628063984,70.09905531991504
2016-12-22T03:59:59Z,86.95336820583127,70.78454710684987
2016-12-22T04:59:59Z,87.12745643828096,72.131321829647
2016-12-22T05:59:59Z,87.39166592426601,72.59374186466835
2016-12-22T06:59:59Z,87.55744476933859,72.95644208629467
2016-12-22T07:59:59Z,88.0159509901901,72.46506651183194
2016-12-22T08:59:59Z,87.22828997940185,70.96202126857341
2016-12-22T09:59:59Z,87.44838160075012,69.61211858686184
2016-12-22T10:59:59Z,86.92712932251963,67.76238057934171
2016-12-22T11:59:59Z,84.88882229530392,67.57095452064634
2016-12-22T12:59:59Z,84.56090883542619,67.5883739823871
2016-12-22T13:59:59Z,84.56686158334242,68.23582445810418
2016-12-22T14:59:59Z,84.89047571822893,69.76482353811095
2016-12-22T15:59:59Z,83.65549534563655,69.16341254935834
2016-12-22T16:59:59Z,85.32250058564378,70.05552770826668
2016-12-22T17:59:59Z,86.41164102708609,70.15091506280899
2016-12-22T18:59:59Z,87.03841672911912,70.7119661461566
2016-12-22T19:59:59Z,88.16159896582452,71.50438448277194
2016-12-22T20:59:59Z,89.50047858459462,72.67415382851902
2016-12-22T21:59:59Z,89.38931985731587,71.88566502195143
2016-12-22T22:59:59Z,89.82145585687135,71.46519907196868
2016-12-22T23:59:59Z,89.99536330019274,71.10169494113089
2016-12-23T00:59:59Z,89.99348309325822,70.8563635159809
2016-12-23T01:59:59Z,90.23882563850515,71.22174668230959
2016-12-23T02:59:59Z,89.85556119419573,71.1375119606477
2016-12-23T03:59:59Z,89.60999532120206,70.82692321499852
2016-12-23T04:59:59Z,89.48070663474945,70.66356714863689
2016-12-23T05:59:59Z,89.52710988666125,70.81844612290625
2016-12-23T06:59:59Z,89.53644711340611,71.09478202333568
2016-12-23T07:59:59Z,90.29753850312446,72.11674430192431
2016-12-23T08:59:59Z,90.5485993021535,72.03875030058316
2016-12-23T09:59:59Z,91.1930370385577,72.08546821989721
2016-12-23T10:59:59Z,91.08640654721057,71.46735555940265
2016-12-23T11:59:59Z,91.08024482833133,71.31970202604415
2016-12-23T12:59:59Z,91.17804961982019,71.06364505695983
2016-12-23T13:59:59Z,91.5621095362942,71.27254026155713
2016-12-23T14:59:59Z,92.03374583345615,71.29341111635944
2016-12-23T15:59:59Z,91.371004793008,69.68092394098703
2016-12-23T16:59:59Z,90.28189386273222,67.79764561757008
2016-12-23T17:59:59Z,89.48432454424672,68.09683779084956
2016-12-23T18:59:59Z,90.3266338546635,70.25942877788859
2016-12-23T19:59:59Z,90.37590420945733,70.45892334951569
2016-12-23T20:59:59Z,89.44242932242278,68.82480271617719
2016-12-23T21:59:59Z,88.13341606765074,68.25510269199167
2016-12-23T22:59:59Z,88.36166978640982,68.60384030045452
2016-12-23T23:59:59Z,88.91855879222807,69.70183571215736
2016-12-24T00:59:59Z,89.35740632230599,70.46206416786006
2016-12-24T01:59:59Z,89.06372714493973,70.35566992064338
2016-12-24T02:59:59Z,89.48153082048148,71.41373680236396
2016-12-24T03:59:59Z,88.64955520394624,70.57703253741315
2016-12-24T04:59:59Z,88.98289419873805,71.27287655513419
2016-12-24T05:59:59Z,88.87856664184605,71.06002142547293
2016-12-24T06:59:59Z,88.2687856496076,69.61922751354379
2016-12-24T07:59:59Z,89.66462766884868,70.90800231048762
2016-12-24T08:59:59Z,90.44013326942124,71.03481265630217
2016-12-24T09:59:59Z,90.06528190037133,69.9272595707119
2016-12-24T10:59:59Z,89.82428148460042,69.9371445755434
2016-12-24T11:59:59Z,89.42473644755327,70.19084748958821
2016-12-24T12:59:59Z,89.7082276258061,71.34899269002352
2016-12-24T13:59:59Z,89.20629638806545,70.59044648156558
2016-12-24T14:59:59Z,88.74441898170355,70.11441298638779
2016-12-24T15:59:59Z,88.84390245342209,69.81004158027766
2016-12-24T16:59:59Z,89.08958318068551,71.13427060494192
2016-12-24T17:59:59Z,89.06069201451491,70.75309449992079
2016-12-24T18:59:59Z,89.52162027795316,71.67381292782595
2016-12-24T19:59:59Z,87.582749398243,70.5376035768003
2016-12-24T20:59:59Z,85.20005795809436,68.92772452762875
2016-12-24T21:59:59Z,84.18313612675577,68.51671532449235
2016-12-24T22:59:59Z,84.44388323506718,68.98405272758909
2016-12-24T23:59:59Z,84.9078415774693,70.03315191048098
2016-12-25T00:59:59Z,84.93593408107891,69.93836816978674
2016-12-25T01:59:59Z,84.87318509916992,69.06140804390958
2016-12-25T02:59:59Z,85.37599077138563,69.33386935912833
2016-12-25T03:59:59Z,85.75678558302896,69.42997099655219
2016-12-25T04:59:59Z,86.31662464203518,69.23992615753691
2016-12-25T05:59:59Z,86.24541233612364,70.78689648573304
2016-12-25T06:59:59Z,86.65980707313115,69.14411405212668
2016-12-25T07:59:59Z,87.63286414461261,70.0647264871547
2016-12-25T08:59:59Z,86.71256240423966,68.68400053122201
2016-12-25T09:59:59Z,86.79731209373305,68.0666442390161
2016-12-25T10:59:59Z,86.26720221168047,68.27834513741979
2016-12-25T11:59:59Z,85.84088762205681,68.39805688306431
2016-12-25T12:59:59Z,85.82937986230667,67.67927261651887
2016-12-25T13:59:59Z,85.95189533724013,67.80973698883656
2016-12-25T14:59:59Z,85.62698590142249,68.3957992737494
2016-12-25T15:59:59Z,86.92941843192378,70.82621088051545
2016-12-25T16:59:59Z,86.70557011883561,70.50122580820191
2016-12-25T17:59:59Z,84.51699808068788,67.83216588048074
2016-12-25T18:59:59Z,84.27707123329954,68.11108779278834
2016-12-25T19:59:59Z,84.88415022566875,68.92336673959585
2016-12-25T20:59:59Z,83.41766565213668,67.6217744032733
2016-12-25T21:59:59Z,81.65538347804066,66.65806495266027
2016-12-25T22:59:59Z,81.69382669097918,66.91521955202641
2016-12-25T23:59:59Z,81.72303184532706,66.88826730718877
2016-12-26T00:59:59Z,81.72303157946068,66.88826730718877
2016-12-26T01:59:59Z,81.70557931365165,66.89971030015218
2016-12-26T02:59:59Z,81.72008684360003,66.90845076700853
2016-12-26T03:59:59Z,81.74720468111492,66.94160076998051
2016-12-26T04:59:59Z,81.72712352868706,66.97629692456366
2016-12-26T05:59:59Z,81.7625496901136,66.9852969180971
2016-12-26T06:59:59Z,84.69989446581575,69.85281126491859
2016-12-26T07:59:59Z,85.16952639645065,69.61055675064294
2016-12-26T08:59:59Z,85.09159591335757,69.49794282580906
2016-12-26T09:59:59Z,86.30783988559713,70.15690405004656
2016-12-26T10:59:59Z,86.79437267519971,70.68476689310208
2016-12-26T11:59:59Z,84.900034411656,66.51302164003098
2016-12-26T12:59:59Z,84.68359393310064,66.18481328340754
2016-12-26T13:59:59Z,85.46733846646353,67.51985221766019
2016-12-26T14:59:59Z,85.13065646799603,67.58654161103972
2016-12-26T15:59:59Z,84.62800207374211,66.70077404210858
2016-12-26T16:59:59Z,86.71735757000191,67.22451027461044
2016-12-26T17:59:59Z,87.52258277633894,67.53187851241753
2016-12-26T18:59:59Z,88.18171760540989,68.29926918350053
2016-12-26T19:59:59Z,88.36521484852304,68.71932811304148
2016-12-26T20:59:59Z,88.49079682611242,69.07367788847652
2016-12-26T21:59:59Z,88.9284437036852,70.34648750830256
2016-12-26T22:59:59Z,89.17603707357968,70.74214411080224
2016-12-26T23:59:59Z,89.06917527849485,70.40745601407492
2016-12-27T00:59:59Z,88.08613705193207,70.09176246441689
2016-12-27T01:59:59Z,88.76263880370884,70.41808491744482
2016-12-27T02:59:59Z,89.39096184798717,72.33607318036414
2016-12-27T03:59:59Z,89.2587720277578,71.92904728307342
2016-12-27T04:59:59Z,89.51579036029764,71.57416676389334
2016-12-27T05:59:59Z,89.42574035894816,72.14285167247252
2016-12-27T06:59:59Z,88.49140619182138,71.19107031733361
2016-12-27T07:59:59Z,88.80627704542283,71.33523271030163
2016-12-27T08:59:59Z,89.05125694894767,71.49317183921845
2016-12-27T09:59:59Z,89.1103016147907,71.36504671411184
2016-12-27T10:59:59Z,88.85283662675735,71.03874257602959
2016-12-27T11:59:59Z,89.13111363385643,70.57465315319344
2016-12-27T12:59:59Z,88.00328405308781,68.93283205939548
2016-12-27T13:59:59Z,86.83886328448045,68.14004196835079
2016-12-27T14:59:59Z,85.03224124733273,67.27887711924424
2016-12-27T15:59:59Z,83.97431112436443,66.94526585364501
2016-12-27T16:59:59Z,83.3435009002399,66.53377641899407
2016-12-27T17:59:59Z,84.54098029029193,67.5434077707235
2016-12-27T18:59:59Z,84.70798796970433,68.20217269381448
2016-12-27T19:59:59Z,82.4393306015738,66.49779271398758
2016-12-27T20:59:59Z,82.39448904869103,66.34473159549694
2016-12-27T21:59:59Z,82.60470054417675,66.21346721076473
2016-12-27T22:59:59Z,82.27770139872884,60.899008803842946
2016-12-27T23:59:59Z,82.46314744229872,55.465380598312905
2016-12-28T00:59:59Z,81.85853170180283,53.648527855121756
2016-12-28T01:59:59Z,81.96706579632459,62.51300559835507
2016-12-28T02:59:59Z,82.11505180077435,66.10335814701246
2016-12-28T03:59:59Z,81.12464987349537,61.61728940938216
2016-12-28T04:59:59Z,81.94001176673734,59.96214672551955
2016-12-28T05:59:59Z,82.35326593703826,57.811299905138455
2016-12-28T06:59:59Z,83.06798810573953,54.91608576169379
2016-12-28T07:59:59Z,82.46025614557746,61.060039261782826
2016-12-28T08:59:59Z,81.03897842531391,54.91044787586172
2016-12-28T09:59:59Z,83.20750759579036,61.13705828452625
2016-12-28T10:59:59Z,84.97878083862379,65.51514171274381
2016-12-28T11:59:59Z,88.02937617816586,75.771398579048
2016-12-28T12:59:59Z,79.71538532494216,36.24814639096269
2016-12-28T13:59:59Z,82.43385162752033,55.4367944752227
2016-12-28T14:59:59Z,88.11335272826935,63.99593674477961
2016-12-28T15:59:59Z,88.21660246291694,69.97511145793935
2016-12-28T16:59:59Z,89.49331720818232,68.43922927063407
2016-12-28T17:59:59Z,90.16668545897916,74.25200627257027
2016-12-28T18:59:59Z,90.4735133233014,73.47415805976341
2016-12-28T19:59:59Z,88.14076567744958,72.05887530844862
2016-12-28T20:59:59Z,88.28383474934184,71.39336785500923
2016-12-28T21:59:59Z,88.11171924532172,70.27881962920804
2016-12-28T22:59:59Z,87.60560273926052,69.2183289397825
2016-12-28T23:59:59Z,87.81431155805028,69.47642783047036
2016-12-29T00:59:59Z,87.5340033319213,69.09486905998841
2016-12-29T01:59:59Z,85.1692475026336,69.41134625551376
2016-12-29T02:59:59Z,84.70218517041808,71.51393825986241
2016-12-29T03:59:59Z,83.89647661902917,71.54173450221019
2016-12-29T04:59:59Z,84.6999795430526,72.70902704381373
2016-12-29T05:59:59Z,85.39170879089464,74.47138347129231
2016-12-29T06:59:59Z,85.69114530439872,72.94385932893238
2016-12-29T07:59:59Z,85.70545635910324,71.42083520769414
2016-12-29T08:59:59Z,86.03253685965889,70.04585040271279
2016-12-29T09:59:59Z,87.30028871802158,71.77015226986396
2016-12-29T10:59:59Z,88.05808549174269,73.60110869026829
2016-12-29T11:59:59Z,88.68106993940836,74.53484047159907
2016-12-29T12:59:59Z,88.97306458748488,75.368755019611
2016-12-29T13:59:59Z,88.97794589394945,74.03625309501481
2016-12-29T14:59:59Z,88.38102804819079,72.21950829309927
2016-12-29T15:59:59Z,88.06588175703502,70.620643930196
2016-12-29T16:59:59Z,88.32385295462764,71.8084710330248
2016-12-29T17:59:59Z,88.17055334500354,71.98525624104698
2016-12-29T18:59:59Z,88.50244283637244,71.15995361430191
2016-12-29T19:59:59Z,87.82194617659259,73.29692082329464
2016-12-29T20:59:59Z,80.12920366366998,60.42498878365094
2016-12-29T21:59:59Z,84.80935776328378,61.81187986204348
2016-12-29T22:59:59Z,85.62329142241205,63.89443258805966
2016-12-29T23:59:59Z,86.42746432967571,65.35095329055295
2016-12-30T00:59:59Z,86.40333004451078,66.56800096372594
2016-12-30T01:59:59Z,85.4558817530555,64.93482038394247
2016-12-30T02:59:59Z,84.61183527180867,63.535891417821624
2016-12-30T03:59:59Z,85.35778956002589,63.7104153145718
2016-12-30T04:59:59Z,86.51408465491447,66.26969896500049
2016-12-30T05:59:59Z,87.30024139380858,69.02279741065693
2016-12-30T06:59:59Z,87.55481535098703,69.19677146935699
2016-12-30T07:59:59Z,88.37721446104875,71.73349782868188
2016-12-30T08:59:59Z,88.96079325953397,70.72256660290874
2016-12-30T09:59:59Z,88.84738317587494,70.62308332508879
2016-12-30T10:59:59Z,86.78647325375769,68.50690552784204
2016-12-30T11:59:59Z,85.02996862164325,64.49363370326003
2016-12-30T12:59:59Z,84.57010036740294,63.66404070306934
2016-12-30T13:59:59Z,85.92313178692481,63.85107292835999
2016-12-30T14:59:59Z,86.75944208867784,64.4807863533846
2016-12-30T15:59:59Z,87.45093710825216,66.58909232852585
2016-12-30T16:59:59Z,89.63474641633418,70.46221692230063
2016-12-30T17:59:59Z,90.2631566647803,71.19387834921818
2016-12-30T18:59:59Z,90.10238089296755,70.90473679464073
2016-12-30T19:59:59Z,88.85530652528982,69.9692210596647
2016-12-30T20:59:59Z,87.39960788432644,70.24219324496403
2016-12-30T21:59:59Z,85.20150480285363,69.52811494525928
2016-12-30T22:59:59Z,86.14977116511457,71.91502076243992
2016-12-30T23:59:59Z,87.88775235583469,71.62997707953858
2016-12-31T00:59:59Z,87.31761257037623,71.73958111840571
2016-12-31T01:59:59Z,87.34394557038114,72.93462236143421
2016-12-31T02:59:59Z,87.7317664324569,72.51813387210173
2016-12-31T03:59:59Z,85.44008025150782,68.3374973461322
2016-12-31T04:59:59Z,87.31057561942283,73.69343627984284
2016-12-31T05:59:59Z,88.57049930852938,76.06127662824963
2016-12-31T06:59:59Z,87.80470740147479,72.81947434954158
2016-12-31T07:59:59Z,87.05191955007352,71.77764425168643
2016-12-31T08:59:59Z,87.31357140162561,72.24225000011889
2016-12-31T09:59:59Z,87.23234071934162,70.55228203156409
2016-12-31T10:59:59Z,86.01165092974364,67.93979083359521
2016-12-31T11:59:59Z,85.49817896482357,69.63328442919352
2016-12-31T12:59:59Z,84.73042974958858,69.89374516851481
2016-12-31T13:59:59Z,84.66508830475279,72.06279470682428
2016-12-31T14:59:59Z,85.44549754456457,73.76066849703798
2016-12-31T15:59:59Z,85.87792865578541,74.33485217579799
2016-12-31T16:59:59Z,85.94981785746268,74.37708566117814
2016-12-31T17:59:59Z,86.1882478772151,73.87668237721364
2016-12-31T18:59:59Z,84.76766646096195,71.71929595218548
2016-12-31T19:59:59Z,87.37213750801133,74.32433705889913
2016-12-31T20:59:59Z,88.49588125447997,72.75850701280831
2016-12-31T21:59:59Z,87.81222291188548,72.13061534035937
2016-12-31T22:59:59Z,87.82482285066375,70.66843541707068
2016-12-31T23:59:59Z,88.30097249524087,70.24138660799468
2017-12-01T00:59:59Z,90.99896309970525,67.76689112181519
2017-12-01T01:59:59Z,93.01089299309943,60.44993373966796
2017-12-01T02:59:59Z,92.16169029956644,62.72786056421278
2017-12-01T03:59:59Z,92.18800575239125,64.25752093066254
2017-12-01T04:59:59Z,92.78996123403721,67.2637978789138
2017-12-01T05:59:59Z,92.13475484637806,74.78756645864769
2017-12-01T06:59:59Z,91.72067649034511,73.52656218519175
2017-12-01T07:59:59Z,90.1118616875496,70.35522295803284
2017-12-01T08:59:59Z,89.30978859283807,61.931324092577164
2017-12-01T09:59:59Z,88.4778666813086,59.12596073456353
2017-12-01T10:59:59Z,87.96707411761673,60.33412171357448
2017-12-01T11:59:59Z,89.17529530642085,67.01326647048938
2017-12-01T12:59:59Z,90.16613564733598,72.89205453087546
2017-12-01T13:59:59Z,88.66241675522784,73.19269943005914
2017-12-01T14:59:59Z,87.92737707890005,72.42644808498538
2017-12-01T15:59:59Z,89.03668109134343,73.41414348988523
2017-12-01T16:59:59Z,89.17230962713995,70.74164843822979
2017-12-01T17:59:59Z,89.19460039492877,69.36713046952345
2017-12-01T18:59:59Z,88.90510701761579,69.2738999920948
2017-12-01T19:59:59Z,89.24930399476126,70.99710374186452
2017-12-01T20:59:59Z,89.74677399489431,72.4526294946757
2017-12-01T21:59:59Z,89.73587134699132,71.45936478757017
2017-12-01T22:59:59Z,89.55737611367252,69.44227006709627
2017-12-01T23:59:59Z,90.9615323058853,72.61632458237227
2017-12-02T00:59:59Z,90.93355784694181,75.20758661505897
2017-12-02T01:59:59Z,90.14644877472767,72.72996609256275
2017-12-02T02:59:59Z,90.37726438178154,74.04232820146505
2017-12-02T03:59:59Z,90.21353111252262,75.32799764091676
2017-12-02T04:59:59Z,90.63188779010392,74.32366758918255
2017-12-02T05:59:59Z,90.56962720470776,71.77479608279323
2017-12-02T06:59:59Z,90.10691870008831,71.75539120300475
2017-12-02T07:59:59Z,86.67657260611894,69.52512766071486
2017-12-02T08:59:59Z,88.8310621714497,74.66691850753513
2017-12-02T09:59:59Z,90.0932106303,74.148014790355
2017-12-02T10:59:59Z,89.94272282335398,73.80354105711848
2017-12-02T11:59:59Z,88.97555735052474,70.58872253859343
2017-12-02T12:59:59Z,89.55855549686842,71.39237105434857
2017-12-02T13:59:59Z,89.35010350498742,73.02220053488206
2017-12-02T14:59:59Z,89.03329289038567,73.15564712590812
2017-12-02T15:59:59Z,88.79848503399235,70.99844501937585
2017-12-02T16:59:59Z,88.70176178687703,70.77857370680012
2017-12-02T17:59:59Z,88.27075412417533,72.1440803325519
2017-12-02T18:59:59Z,87.16218071250344,71.27250246262668
2017-12-02T19:59:59Z,88.61579815156024,73.24730368704732
2017-12-02T20:59:59Z,88.2573416977851,73.6742453342071
2017-12-02T21:59:59Z,87.09215895617515,68.70778930758298
2017-12-02T22:59:59Z,86.60342957866352,65.63604071500009
2017-12-02T23:59:59Z,89.45570668869952,73.9392119398455
2017-12-03T00:59:59Z,88.47633050545062,77.05811002200504
2017-12-03T01:59:59Z,88.13055002823418,74.91209328144758
2017-12-03T02:59:59Z,88.84992060446415,73.63466712627094
2017-12-03T03:59:59Z,89.32434530806401,72.15060396033147
2017-12-03T04:59:59Z,89.49865580479499,72.84038845879009
2017-12-03T05:59:59Z,89.5732547164661,73.71136700134389
2017-12-03T06:59:59Z,89.04131141995927,72.96075895795957
2017-12-03T07:59:59Z,88.39866881325273,71.74406750073808
2017-12-03T08:59:59Z,88.78006155835133,71.8844648084898
2017-12-03T09:59:59Z,89.13689888596258,72.91620609903279
2017-12-03T10:59:59Z,89.12995232957336,73.29671896921246
2017-12-03T11:59:59Z,89.08752750194999,71.31829839978155
2017-12-03T12:59:59Z,89.22276521418972,71.24191494462123
2017-12-03T13:59:59Z,89.25041425270223,72.30088354515681
2017-12-03T14:59:59Z,82.49718604716543,68.39080435941463
2017-12-03T15:59:59Z,91.86266295439837,77.43394517712193
2017-12-03T16:59:59Z,92.20716727306198,74.54808334636526
2017-12-03T17:59:59Z,90.9745342346077,78.77816009400043
2017-12-03T18:59:59Z,90.79978239971055,74.2516602370008
2017-12-03T19:59:59Z,91.68474411935927,71.41102190392658
2017-12-03T20:59:59Z,90.43096619715007,73.11312917435038
2017-12-03T21:59:59Z,89.19047414894129,76.59608083571811
2017-12-03T22:59:59Z,87.79730568186837,75.94628838503209
2017-12-03T23:59:59Z,85.56425951815454,75.44405048906196
2017-12-04T00:59:59Z,84.97195658076254,74.12328727560798
2017-12-04T01:59:59Z,85.19960704873904,73.18923907436458
2017-12-04T02:59:59Z,84.91023517235494,72.00988867394835
2017-12-04T03:59:59Z,85.9435014043589,72.7133298870096
2017-12-04T04:59:59Z,86.24925304163493,72.65223551469565
2017-12-04T05:59:59Z,87.61363030829055,73.46913820592813
2017-12-04T06:59:59Z,88.032091205487,74.13716766635572
2017-12-04T07:59:59Z,87.98665783407536,73.89895101308312
2017-12-04T08:59:59Z,88.00717527320847,73.9846735318218
2017-12-04T09:59:59Z,88.08411168196218,73.47269052603079
2017-12-04T10:59:59Z,89.23832052348325,74.1643049603387
2017-12-04T11:59:59Z,90.64619140055022,74.93431047959729
2017-12-04T12:59:59Z,86.05776970464471,68.85431315950473
2017-12-04T13:59:59Z,85.80011116589752,68.60516267850063
2017-12-04T14:59:59Z,84.83899468460869,68.25304869031757
2017-12-04T15:59:59Z,83.2329432968128,67.09558581902878
2017-12-04T16:59:59Z,81.09911713124964,65.98424378034088
2017-12-04T17:59:59Z,81.01142695975743,66.59505949370048
2017-12-04T18:59:59Z,80.94337899532418,68.25471379165573
2017-12-04T19:59:59Z,80.71614088608005,68.116613645708
2017-12-04T20:59:59Z,81.28622111747273,68.83974108729777
2017-12-04T21:59:59Z,83.58460739669053,69.51418077871358
2017-12-04T22:59:59Z,84.70434958849695,70.36097268193747
2017-12-04T23:59:59Z,85.66446986851547,71.53057290669678
2017-12-05T00:59:59Z,84.1775388421698,71.64499338659823
2017-12-05T01:59:59Z,82.90165599276104,71.8887816801547
2017-12-05T02:59:59Z,85.41425292932948,74.12537907621252
2017-12-05T03:59:59Z,86.10852944281623,72.66918385368476
2017-12-05T04:59:59Z,86.3837154875538,72.53121035363802
2017-12-05T05:59:59Z,84.90801306127483,71.3901054565999
2017-12-05T06:59:59Z,81.85741878519822,70.0491809950688
2017-12-05T07:59:59Z,81.9063703662202,70.8897271121359
2017-12-05T08:59:59Z,85.07510448859226,72.35048431485693
2017-12-05T09:59:59Z,82.5845764543309,67.83548224952787
2017-12-05T10:59:59Z,86.19440268356885,70.36585225108242
2017-12-05T11:59:59Z,86.66304532545895,72.6261741263515
2017-12-05T12:59:59Z,85.08984172708016,72.06119156455767
2017-12-05T13:59:59Z,89.03460361156597,74.94476558582306
2017-12-05T14:59:59Z,90.9667805079338,76.02279731705431
2017-12-05T15:59:59Z,89.03422342266377,66.88034380381369
2017-12-05T16:59:59Z,86.1080227015242,60.97956378014181
2017-12-05T17:59:59Z,86.24439672660868,59.85208715108857
2017-12-05T18:59:59Z,89.35385860152913,69.28380370155168
2017-12-05T19:59:59Z,87.41969196128433,67.04125199974916
2017-12-05T20:59:59Z,88.89716293062443,67.3327549158604
2017-12-05T21:59:59Z,86.48231362427633,69.76467117335007
2017-12-05T22:59:59Z,86.0356597259842,63.757955847722684
2017-12-05T23:59:59Z,88.67904191077481,64.61032017058984
2017-12-06T00:59:59Z,89.3690470152387,68.57870225814845
2017-12-06T01:59:59Z,84.52444047784817,70.07347362727583
2017-12-06T02:59:59Z,86.09671115115157,67.75466842849139
2017-12-06T03:59:59Z,88.19698577902902,67.00548612569237
2017-12-06T04:59:59Z,87.18291509859054,65.56502792282076
2017-12-06T05:59:59Z,87.94966784668887,66.68928570017063
2017-12-06T06:59:59Z,89.4472500113561,67.72745086049117
2017-12-06T07:59:59Z,87.69348805666478,72.58766052334299
2017-12-06T08:59:59Z,84.92502877451226,71.87267738738568
2017-12-06T09:59:59Z,83.52918595767206,72.06262870327407
2017-12-06T10:59:59Z,85.00735908008258,71.69494252994596
2017-12-06T11:59:59Z,84.52054021827108,71.4344736073511
2017-12-06T12:59:59Z,85.47966004315745,71.04165231431465
2017-12-06T13:59:59Z,85.01212048081646,69.81571765471986
2017-12-06T14:59:59Z,85.73595335811949,70.53342698982573
2017-12-06T15:59:59Z,86.51914409184371,73.39442102114505
2017-12-06T16:59:59Z,85.44172729364007,73.19366583570356
2017-12-06T17:59:59Z,82.820683732584,71.49966507198177
2017-12-06T18:59:59Z,82.59660571095633,71.6556823006412
2017-12-06T19:59:59Z,84.40711657542742,71.46294048845454
2017-12-06T20:59:59Z,84.47851472192822,71.38889160434894
2017-12-06T21:59:59Z,85.31442037507345,72.34662570651375
2017-12-06T22:59:59Z,84.61101454233939,72.64091960602289
2017-12-06T23:59:59Z,83.84404564488618,73.00998875258972
2017-12-07T00:59:59Z,84.28753147957089,72.9867724157012
2017-12-07T01:59:59Z,85.03318533879548,72.3101431140773
2017-12-07T02:59:59Z,86.8598560926745,73.20275628363628
2017-12-07T03:59:59Z,86.46886078619858,73.2359180257091
2017-12-07T04:59:59Z,85.79924231461614,73.61869259684048
2017-12-07T05:59:59Z,85.58396181101203,74.34701953460507
2017-12-07T06:59:59Z,84.64424384999052,73.8704241213066
2017-12-07T07:59:59Z,82.38000278805185,71.0465560436007
2017-12-07T08:59:59Z,82.44973315484393,70.47719620978921
2017-12-07T09:59:59Z,83.77270944524847,71.36611599519583
2017-12-07T10:59:59Z,83.61160665780655,71.12541825130305
2017-12-07T11:59:59Z,86.09147677415405,72.6691059177457
2017-12-07T12:59:59Z,88.1877070428845,74.1502780500255
2017-12-07T13:59:59Z,88.52644418835477,74.00880561599436
2017-12-07T14:59:59Z,88.68800905153937,73.98712305838666
2017-12-07T15:59:59Z,89.04829945150148,74.48387582296529
2017-12-07T16:59:59Z,89.67267172159336,75.71918072051403
2017-12-07T17:59:59Z,88.2012784573611,74.53675301954377
2017-12-07T18:59:59Z,89.41351795040843,75.42123552225962
2017-12-07T19:59:59Z,86.33685069163207,72.0385971564629
2017-12-07T20:59:59Z,85.49194546202573,68.56725366353943
2017-12-07T21:59:59Z,87.5854654890296,70.96103148214726
2017-12-07T22:59:59Z,88.14067634635089,72.5876839041247
2017-12-07T23:59:59Z,88.33645182994044,69.78574427191427
2017-12-08T00:59:59Z,91.62989801515505,76.26961731864047
2017-12-08T01:59:59Z,86.90344222458093,72.67780123046734
2017-12-08T02:59:59Z,80.93656909424664,64.18183188471929
2017-12-08T03:59:59Z,89.64116974771676,76.24686236251122
2017-12-08T04:59:59Z,88.21920316770105,74.45612361442309
2017-12-08T05:59:59Z,79.12528216585561,67.75747977265337
2017-12-08T06:59:59Z,88.85747120923506,75.67398333137118
2017-12-08T07:59:59Z,89.03296162089467,75.49098974644295
2017-12-08T08:59:59Z,87.20784113379095,73.0433546868229
2017-12-08T09:59:59Z,88.1704246656828,71.65895288232413
2017-12-08T10:59:59Z,91.41428677379267,75.74289818549076
2017-12-08T11:59:59Z,90.38317193241569,74.71074344479102
2017-12-08T12:59:59Z,89.89795943518256,68.64877426612334
2017-12-08T13:59:59Z,91.71927696979884,69.45879209649868
2017-12-08T14:59:59Z,91.62164020585277,75.6317015257088
2017-12-08T15:59:59Z,90.37800668067311,76.29022124285149
2017-12-08T16:59:59Z,91.26917053088859,78.92904173395506
2017-12-08T17:59:59Z,89.08371072441157,77.08404554380759
2017-12-08T18:59:59Z,91.24331662207372,75.18633348447553
2017-12-08T19:59:59Z,91.48335460160271,72.07696501926536
2017-12-08T20:59:59Z,92.53988626749022,74.49709765502793
2017-12-08T21:59:59Z,92.65925175772912,75.16650969901455
2017-12-08T22:59:59Z,92.5781114700093,74.71155008176036
2017-12-08T23:59:59Z,92.22250031807422,75.09380637889694
2017-12-09T00:59:59Z,91.66474033404367,74.94232541157089
2017-12-09T01:59:59Z,90.80757653807196,73.68561229091996
2017-12-09T02:59:59Z,86.17466529635115,68.14799299285436
2017-12-09T03:59:59Z,92.90557375466534,78.09863430320112
2017-12-09T04:59:59Z,90.42724194110673,75.32733050927835
2017-12-09T05:59:59Z,92.26595245333262,76.43003831753686
2017-12-09T06:59:59Z,91.26884723738854,76.48438382720734
2017-12-09T07:59:59Z,93.27799404167209,77.03488822960077
2017-12-09T08:59:59Z,91.25059178929031,72.9788065833692
2017-12-09T09:59:59Z,91.99370210499929,72.9017030001319
2017-12-09T10:59:59Z,92.7661566231651,75.00670595275558
2017-12-09T11:59:59Z,88.18936285860678,69.18486519594579
2017-12-09T12:59:59Z,92.23852674256685,77.01908749731442
2017-12-09T13:59:59Z,90.24292104399427,74.34735777658061
2017-12-09T14:59:59Z,92.15319427400098,75.18132999718745
2017-12-09T15:59:59Z,91.72848551722296,76.7639984925933
2017-12-09T16:59:59Z,92.26054579493047,76.66521313110769
2017-12-09T17:59:59Z,89.6107301758354,73.13216502746738
2017-12-09T18:59:59Z,90.7595461840053,75.71617005518789
2017-12-09T19:59:59Z,91.29474368482182,78.22718495853503
2017-12-09T20:59:59Z,90.21900370578332,74.90594803265219
2017-12-09T21:59:59Z,89.288931908223,74.1642379354311
2017-12-09T22:59:59Z,90.39337482004557,76.92890002862663
2017-12-09T23:59:59Z,91.41764838811392,77.16173130850973
2017-12-10T00:59:59Z,90.78395271632816,73.78657829998065
2017-12-10T01:59:59Z,91.64620625799475,74.6894716095822
2017-12-10T02:59:59Z,91.88474581468962,69.32635165844596
2017-12-10T03:59:59Z,92.42218510069729,72.15242999938378
2017-12-10T04:59:59Z,92.12856441393137,75.87372768768297
2017-12-10T05:59:59Z,91.18941912906044,77.11553633934682
2017-12-10T06:59:59Z,91.42955388394635,76.34390040024296
2017-12-10T07:59:59Z,91.8590397275738,74.34867645266962
2017-12-10T08:59:59Z,92.19145457088027,73.95898428758669
2017-12-10T09:59:59Z,91.55025295987296,72.9358256923334
2017-12-10T10:59:59Z,88.8734912529349,70.84711368905279
2017-12-10T11:59:59Z,90.92334113426095,75.4754727009748
2017-12-10T12:59:59Z,90.66575597463056,75.83122688203181
2017-12-10T13:59:59Z,90.98680556255863,76.18106806339185
2017-12-10T14:59:59Z,91.17980008396849,75.60710026718306
2017-12-10T15:59:59Z,90.44329495223586,74.01276086490199
2017-12-10T16:59:59Z,90.65709085805685,72.81376710072374
2017-12-10T17:59:59Z,91.6773902556986,75.56142045457739
2017-12-10T18:59:59Z,91.39369595554277,76.00483853861522
2017-12-10T19:59:59Z,91.1392373843668,75.53629468718172
2017-12-10T20:59:59Z,90.62913447802619,75.70428716255842
2017-12-10T21:59:59Z,90.83320286527822,75.35801856464519
2017-12-10T22:59:59Z,90.97299008275878,75.4643177300162
2017-12-10T23:59:59Z,90.43486698845989,75.24316203316467
2017-12-11T00:59:59Z,90.76246220629851,75.40758192509455
2017-12-11T01:59:59Z,90.73666253422215,75.20571615252138
2017-12-11T02:59:59Z,90.8656523868803,74.67979352466892
2017-12-11T03:59:59Z,90.24698454551957,72.55790536116677
2017-12-11T04:59:59Z,90.11339414127846,72.1567040062822
2017-12-11T05:59:59Z,90.78827038609856,74.35142681195927
2017-12-11T06:59:59Z,90.3326424345164,74.39906983087003
2017-12-11T07:59:59Z,91.24303374026118,76.30490125633406
2017-12-11T08:59:59Z,90.65831809719847,75.68023067624675
2017-12-11T09:59:59Z,89.65855740799907,72.9407356564946
2017-12-11T10:59:59Z,90.16840401916363,74.23968927676019
2017-12-11T11:59:59Z,90.84543059114526,76.20984590889218
2017-12-11T12:59:59Z,90.27981266082566,75.11515537068544
2017-12-11T13:59:59Z,90.0543122541443,74.42862469768285
2017-12-11T14:59:59Z,90.38264445354719,74.38885710541476
2017-12-11T15:59:59Z,90.86502494225849,75.32883467290233
2017-12-11T16:59:59Z,89.90584715850451,74.1389562961573
2017-12-11T17:59:59Z,90.05937222280627,73.61346855084484
2017-12-11T18:59:59Z,88.67260156394488,72.0315420055789
2017-12-11T19:59:59Z,80.02357389332137,63.07560916560888
2017-12-11T20:59:59Z,91.67601944871976,79.56260636340865
2017-12-11T21:59:59Z,90.5296940766588,76.56699592261786
2017-12-11T22:59:59Z,89.48083318713927,73.78937386211497
2017-12-11T23:59:59Z,86.90588872687324,63.114947720532406
2017-12-12T00:59:59Z,81.5188573773953,51.29217526413338
2017-12-12T01:59:59Z,85.54865263078617,68.6043924765828
2017-12-12T02:59:59Z,93.23236392915021,76.26696515863404
2017-12-12T03:59:59Z,90.22711582031748,70.57854293591225
2017-12-12T04:59:59Z,84.6640003795865,65.56431909545495
2017-12-12T05:59:59Z,64.37828505302838,55.365485429054985
2017-12-12T06:59:59Z,88.95501651515148,77.0105566294242
2017-12-12T07:59:59Z,56.84984821964893,59.478136876658
2017-12-12T08:59:59Z,89.11181279921034,79.46838804795233
2017-12-12T09:59:59Z,88.686733956452,75.20200484310303
2017-12-12T10:59:59Z,88.23817379632159,74.94224513755364
2017-12-12T11:59:59Z,86.18079085740473,69.25292470313413
2017-12-12T12:59:59Z,86.73439003282034,70.70874739187315
2017-12-12T13:59:59Z,88.63149277482913,73.47206002428373
2017-12-12T14:59:59Z,86.22694791706239,70.28573839219867
2017-12-12T15:59:59Z,86.48732414179437,70.22732462650892
2017-12-12T16:59:59Z,86.9714854034196,71.78316757168807
2017-12-12T17:59:59Z,87.6877900087264,72.38758377025107
2017-12-12T18:59:59Z,87.46053382056944,72.90496695726
2017-12-12T19:59:59Z,86.75316019820154,73.36413745330196
2017-12-12T20:59:59Z,86.8947787032054,72.1146489942025
2017-12-12T21:59:59Z,88.71661839936289,73.52238871565474
2017-12-12T22:59:59Z,88.45507448955506,73.99215070581585
2017-12-12T23:59:59Z,88.64855873680956,71.77424546538373
2017-12-13T00:59:59Z,89.93682590737444,73.08350650327057
2017-12-13T01:59:59Z,89.81869084667356,74.51764624472221
2017-12-13T02:59:59Z,89.26509432992161,74.73635631180585
2017-12-13T03:59:59Z,88.26652472203816,74.35674749851935
2017-12-13T04:59:59Z,89.73293192845796,74.7257905365466
2017-12-13T05:59:59Z,89.97955594958502,73.07596308372833
2017-12-13T06:59:59Z,89.47037932166067,71.34570769019187
2017-12-13T07:59:59Z,88.29429074175135,71.10936461689442
2017-12-13T08:59:59Z,87.98660466080233,72.262746372734
2017-12-13T09:59:59Z,88.60522039235548,73.22575284117664
2017-12-13T10:59:59Z,90.7828828700747,76.28634938539867
2017-12-13T11:59:59Z,90.77502173338928,75.23006489860454
2017-12-13T12:59:59Z,91.15866158100633,73.36421538924104
2017-12-13T13:59:59Z,90.08445511916213,71.1914132354655
2017-12-13T14:59:59Z,78.35017111096897,64.15307858903977
2017-12-13T15:59:59Z,67.37516156175457,51.62958176641534
2017-12-13T16:59:59Z,83.36629707998891,66.66696348334304
2017-12-13T17:59:59Z,83.96775805019566,64.83319094520047
2017-12-13T18:59:59Z,81.0626641939208,64.82922400590198
2017-12-13T19:59:59Z,80.77305303780804,69.48020070928057
2017-12-13T20:59:59Z,83.61360544113992,72.29663681583708
2017-12-13T21:59:59Z,85.91126191718531,73.07906493410317
2017-12-13T22:59:59Z,87.73849604189215,72.88153473782026
2017-12-13T23:59:59Z,89.14287183972256,73.88597234115038
2017-12-14T00:59:59Z,89.26582918455495,71.24344911358176
2017-12-14T01:59:59Z,88.86399344290547,67.65197380030219
2017-12-14T02:59:59Z,88.92848890096728,70.78259481157626
2017-12-14T03:59:59Z,88.30098632029186,71.07645226982663
2017-12-14T04:59:59Z,88.35832412407049,71.23313624044478
2017-12-14T05:59:59Z,88.5416980051902,73.11254387544798
2017-12-14T06:59:59Z,87.0124128716743,70.06289421322725
2017-12-14T07:59:59Z,87.54112748704246,70.8123725751748
2017-12-14T08:59:59Z,85.39338587592616,70.42035519134983
2017-12-14T09:59:59Z,85.14072535897785,71.95313884055767
2017-12-14T10:59:59Z,85.58370604756874,72.18700433035218
2017-12-14T11:59:59Z,87.08893984622564,73.15590353514766
2017-12-14T12:59:59Z,87.03277504485015,72.82618463389521
2017-12-14T13:59:59Z,85.79214368266602,71.44524513348948
2017-12-14T14:59:59Z,85.90578826045913,71.56250092285417
2017-12-14T15:59:59Z,85.87908038887934,71.81512987965864
2017-12-14T16:59:59Z,84.4245746902965,69.9891847401363
2017-12-14T17:59:59Z,90.50869595113745,76.47240974952916
2017-12-14T18:59:59Z,91.50781430719861,78.23161327859279
2017-12-14T19:59:59Z,91.04832278559776,77.81245119687064
2017-12-14T20:59:59Z,89.06512985588238,75.9535504558343
2017-12-14T21:59:59Z,86.77175808217811,72.51255287950518
2017-12-14T22:59:59Z,85.06150728507824,70.02964985905903
2017-12-14T23:59:59Z,85.7543385490039,68.38878367535447
2017-12-15T00:59:59Z,82.75916198981665,64.59689453604653
2017-12-15T01:59:59Z,79.0287434299977,60.60467398796579
2017-12-15T02:59:59Z,80.35222885449157,62.3079156159827
2017-12-15T03:59:59Z,83.53435014594918,70.1917086817149
2017-12-15T04:59:59Z,35.96202958974582,73.53142850522707
2017-12-15T05:59:59Z,81.39807827569278,77.75878840602638
2017-12-15T06:59:59Z,86.66195048776717,79.79441122697425
2017-12-15T07:59:59Z,80.5410569840928,75.27515083935452
2017-12-15T08:59:59Z,71.66973605275102,66.1953456436329
2017-12-15T09:59:59Z,66.94702419233127,63.4314634943476
2017-12-15T10:59:59Z,76.2429842234634,58.83105425857332
2017-12-15T11:59:59Z,72.2716075206256,61.323914764274306
2017-12-15T12:59:59Z,89.52902731488687,76.05331391335521
2017-12-15T13:59:59Z,87.23730710304305,75.23507617948651
2017-12-15T14:59:59Z,82.91583863401117,71.26275540440732
2017-12-15T15:59:59Z,85.99842833193814,72.44202397208753
2017-12-15T16:59:59Z,91.34021640445553,75.03794345649284
2017-12-15T17:59:59Z,93.37889564458247,77.15207972181572
2017-12-15T18:59:59Z,91.04585767265988,76.58148343433095
2017-12-15T19:59:59Z,90.74771406728965,78.01827299771084
2017-12-15T20:59:59Z,89.35896110880952,75.48718413453834
2017-12-15T21:59:59Z,87.86125930427795,70.82046505340777
2017-12-15T22:59:59Z,84.94129953019446,61.78418610545558
2017-12-15T23:59:59Z,89.7377600616495,73.74314148370131
2017-12-16T00:59:59Z,89.58275678035737,79.73440834748692
2017-12-16T01:59:59Z,88.59538918590412,77.67307757767855
2017-12-16T02:59:59Z,84.8494583871428,72.25137512954448
2017-12-16T03:59:59Z,82.91329509049557,68.65190183535807
2017-12-16T04:59:59Z,88.72283541844608,64.34085744062668
2017-12-16T05:59:59Z,71.95395145098259,31.96409199128943
2017-12-16T06:59:59Z,84.87823975050459,69.20422175545205
2017-12-16T07:59:59Z,83.60402308560636,67.79166793104368
2017-12-16T08:59:59Z,82.545455149228,66.89042554818137
2017-12-16T09:59:59Z,80.3419334453666,65.76421094553143
2017-12-16T10:59:59Z,80.34754056700811,65.86279873941152
2017-12-16T11:59:59Z,80.34862450417891,65.86413534076651
2017-12-16T12:59:59Z,79.94138130652819,65.36381798117482
2017-12-16T13:59:59Z,79.94138130652819,65.36381798117482
2017-12-16T14:59:59Z,79.95386958143308,65.28312934474046
2017-12-16T15:59:59Z,80.36873862403607,65.52002225608801
2017-12-16T16:59:59Z,80.25489730513273,65.66352394713259
2017-12-16T17:59:59Z,79.94963698889954,65.39435503565971
2017-12-16T18:59:59Z,79.94049969366128,65.36544489390283
2017-12-16T19:59:59Z,79.9406980299697,65.36507937434861
2017-12-16T20:59:59Z,79.93980418724999,65.3650217017537
2017-12-16T21:59:59Z,80.01723085358107,65.4031530289811
2017-12-16T22:59:59Z,79.64263365277628,65.25514410774045
2017-12-16T23:59:59Z,80.8802588639694,66.84688610001227
2017-12-17T00:59:59Z,80.91097892486603,67.12062332397346
2017-12-17T01:59:59Z,81.23488444928878,67.59736798459522
2017-12-17T02:59:59Z,82.04953195960752,67.91671185879929
2017-12-17T03:59:59Z,82.8076969582444,68.09527186299387
2017-12-17T04:59:59Z,83.64365259426629,68.04914138582053
2017-12-17T05:59:59Z,84.167962867429,67.7752956360642
2017-12-17T06:59:59Z,84.23386183403255,68.0088270729399
2017-12-17T07:59:59Z,83.9194184935463,67.86244428506787
2017-12-17T08:59:59Z,82.73670106755412,67.19619458922878
2017-12-17T09:59:59Z,81.77998307941071,67.01668678659523
2017-12-17T10:59:59Z,81.19291584834806,67.27214325926904
2017-12-17T11:59:59Z,80.45709984223397,66.29636075233522
2017-12-17T12:59:59Z,80.98725864369776,66.62833867549148
2017-12-17T13:59:59Z,83.72835336434851,68.09908624269163
2017-12-17T14:59:59Z,83.7196377331654,69.4598676124578
2017-12-17T15:59:59Z,83.59005951824112,75.9157803616845
2017-12-17T16:59:59Z,85.90290254693156,73.1312282374798
2017-12-17T17:59:59Z,86.64231838363008,62.225192851538694
2017-12-17T18:59:59Z,92.4477050813575,64.63977362326195
2017-12-17T19:59:59Z,93.0532199819004,64.46142200028444
2017-12-17T20:59:59Z,84.91689087094068,64.72926590337326
2017-12-17T21:59:59Z,83.48839886685818,65.23933129538354
2017-12-17T22:59:59Z,83.3005275903052,60.713287461047386
2017-12-17T23:59:59Z,86.80112674434056,64.518374077437
2017-12-18T00:59:59Z,87.06430254189782,65.72119225556519
2017-12-18T01:59:59Z,87.78725699673029,57.60200449949406
2017-12-18T02:59:59Z,88.1496551852355,53.85490066305116
2017-12-18T03:59:59Z,89.00895548331775,53.95479115615274
2017-12-18T04:59:59Z,89.73097515201029,57.66942999781808
2017-12-18T05:59:59Z,89.28969441295831,56.94869557923735
2017-12-18T06:59:59Z,89.88170330215044,63.81652860272814
2017-12-18T07:59:59Z,90.60844901135029,68.40908929975872
2017-12-18T08:59:59Z,90.50729643059118,68.05988017886452
2017-12-18T09:59:59Z,91.09486747841584,69.04567940236687
2017-12-18T10:59:59Z,90.38412267053755,67.37440738881483
2017-12-18T11:59:59Z,90.67834102489238,66.74785207417108
2017-12-18T12:59:59Z,90.87932217191202,69.92614157966598
2017-12-18T13:59:59Z,90.61286771033946,71.08775531906944
2017-12-18T14:59:59Z,90.516499660688,70.83479279644577
2017-12-18T15:59:59Z,90.29743534697477,70.35407846876764
2017-12-18T16:59:59Z,89.7787226242644,69.39907212447017
2017-12-18T17:59:59Z,89.6493850184006,68.94330859800449
2017-12-18T18:59:59Z,90.93944093787036,70.53842774935593
2017-12-18T19:59:59Z,90.39387571227755,69.79738673217172
2017-12-18T20:59:59Z,89.57764682881876,68.46113569922674
2017-12-18T21:59:59Z,90.11761078183011,67.4069141767397
2017-12-18T22:59:59Z,89.36820475059385,67.02445208001402
2017-12-18T23:59:59Z,88.84059932970118,67.00221154979256
2017-12-19T00:59:59Z,90.59971476952163,70.03543348509716
2017-12-19T01:59:59Z,92.6190548902459,73.3997276792361
2017-12-19T02:59:59Z,92.32594679383205,72.99368611285578
2017-12-19T03:59:59Z,92.14825979426338,71.78480812320542
2017-12-19T04:59:59Z,91.92278172035671,70.74043614469761
2017-12-19T05:59:59Z,90.11320803482285,67.427039379445
2017-12-19T06:59:59Z,89.92325502463056,69.34470791017431
2017-12-19T07:59:59Z,90.32344558521235,71.85743740418091
2017-12-19T08:59:59Z,90.10587650393684,72.3529077328822
2017-12-19T09:59:59Z,91.4988514202959,73.83087864646485
2017-12-19T10:59:59Z,91.07211569834982,71.48580689297665
2017-12-19T11:59:59Z,91.51484381389379,73.07619455346736
2017-12-19T12:59:59Z,91.72715405846618,73.60465399613642
2017-12-19T13:59:59Z,92.15142679440531,74.56612395754037
2017-12-19T14:59:59Z,91.39181574860827,73.88193448014734
2017-12-19T15:59:59Z,90.22046065346447,70.88323660713044
2017-12-19T16:59:59Z,90.75484779359996,71.86592579698434
2017-12-19T17:59:59Z,90.18089229406854,74.16861481776907
2017-12-19T18:59:59Z,91.03569094285568,74.52666343287221
2017-12-19T19:59:59Z,90.23196096895639,72.6069714903249
2017-12-19T20:59:59Z,91.03396068455113,71.71093264656425
2017-12-19T21:59:59Z,89.34394072264271,69.53163998778327
2017-12-19T22:59:59Z,87.9419040170931,70.90280671110975
2017-12-19T23:59:59Z,84.7701241296416,70.32741814273176
2017-12-20T00:59:59Z,86.10293295582935,71.87678110425722
2017-12-20T01:59:59Z,88.52788412058855,71.01308723392798
2017-12-20T02:59:59Z,93.80537400788708,68.3666613642106
2017-12-20T03:59:59Z,93.76335117020787,65.33195328796792
2017-12-20T04:59:59Z,92.95430493247059,62.34383862837664
2017-12-20T05:59:59Z,93.08678507877073,68.16790776852419
2017-12-20T06:59:59Z,92.42750136453529,72.55124690421263
2017-12-20T07:59:59Z,92.02275704485082,72.82781193630291
2017-12-20T08:59:59Z,91.90221855220878,71.90703427708408
2017-12-20T09:59:59Z,91.6718708699576,71.74141261297378
2017-12-20T10:59:59Z,91.31130928630301,72.47860943996353
2017-12-20T11:59:59Z,91.14582342596486,72.12502655416891
2017-12-20T12:59:59Z,91.48327696862408,72.60478149043712
2017-12-20T13:59:59Z,91.51035279925328,73.14563937197259
2017-12-20T14:59:59Z,91.42656660946727,73.62360334036106
2017-12-20T15:59:59Z,91.30415854454533,72.26955719444902
2017-12-20T16:59:59Z,91.82690392828263,70.22293137762374
2017-12-20T17:59:59Z,92.11938883393654,70.13733823254391
2017-12-20T18:59:59Z,92.29471387671701,70.3421098466052
2017-12-20T19:59:59Z,92.44310133937817,69.30430552968252
2017-12-20T20:59:59Z,91.92913167262249,69.28105412162141
2017-12-20T21:59:59Z,91.31903429940948,71.09812976159829
2017-12-20T22:59:59Z,90.58911414580946,70.55717991565473
2017-12-20T23:59:59Z,91.85623324222303,71.81373677474782
2017-12-21T00:59:59Z,92.0589074262561,70.99553995724715
2017-12-21T01:59:59Z,92.23607226428356,69.1172284912269
2017-12-21T02:59:59Z,92.8179952470465,68.68634991010518
2017-12-21T03:59:59Z,93.57111702660241,69.15805951938356
2017-12-21T04:59:59Z,93.28344749255452,70.72688464361272
2017-12-21T05:59:59Z,91.60755141542954,69.84767840397166
2017-12-21T06:59:59Z,90.79918473212163,69.27427096716475
2017-12-21T07:59:59Z,91.95309686677916,71.20959491069034
2017-12-21T08:59:59Z,92.59779089835939,71.9696745087494
2017-12-21T09:59:59Z,92.69788745791604,71.21719834090567
2017-12-21T10:59:59Z,92.8965927888498,70.88151305383798
2017-12-21T11:59:59Z,92.43076726696508,69.77821643955983
2017-12-21T12:59:59Z,85.72109196003905,62.783309646780445
2017-12-21T13:59:59Z,92.70960046650009,71.24578836079283
2017-12-21T14:59:59Z,92.34286440238073,68.29679413291562
2017-12-21T15:59:59Z,92.43113947987632,64.45680429589474
2017-12-21T16:59:59Z,91.84029508536365,63.5238125163054
2017-12-21T17:59:59Z,92.73254473381449,66.50143836237726
2017-12-21T18:59:59Z,92.56226902504139,68.17898850550081
2017-12-21T19:59:59Z,92.78513841817298,69.40966205987053
2017-12-21T20:59:59Z,93.15646227228976,71.41811251566286
2017-12-21T21:59:59Z,92.97293259348005,71.0667282027093
2017-12-21T22:59:59Z,92.6716485746044,70.34987889069104
2017-12-21T23:59:59Z,92.30958112385747,70.27640010797973
2017-12-22T00:59:59Z,92.48702884369749,72.80531338941319
2017-12-22T01:59:59Z,92.68896072883899,72.7958691123171
2017-12-22T02:59:59Z,92.80223256198813,71.18450265574847
2017-12-22T03:59:59Z,92.81752200491648,70.82438289306465
2017-12-22T04:59:59Z,93.08057231354938,71.0796690757116
2017-12-22T05:59:59Z,92.95344246198196,70.42673970347815
2017-12-22T06:59:59Z,92.47646012394914,69.06834356312712
2017-12-22T07:59:59Z,91.96744514277482,74.81917649617368
2017-12-22T08:59:59Z,87.58279725418873,60.34899734626411
2017-12-22T09:59:59Z,89.84503713999672,68.32076040837782
2017-12-22T10:59:59Z,91.62983846108925,70.38618924470214
2017-12-22T11:59:59Z,91.0581045409052,69.66001957373092
2017-12-22T12:59:59Z,89.12179980335169,69.43408874189277
2017-12-22T13:59:59Z,93.1673776817783,71.99521801277847
2017-12-22T14:59:59Z,94.09841404251148,69.91759668330673
2017-12-22T15:59:59Z,93.71784016581759,70.08406317299651
2017-12-22T16:59:59Z,92.0680596100108,71.03871763652909
2017-12-22T17:59:59Z,92.79926655681827,72.36294237471671
2017-12-22T18:59:59Z,92.90301505676692,70.74911353215327
2017-12-22T19:59:59Z,92.652072302404,70.79804989797285
2017-12-22T20:59:59Z,93.07288133133765,71.0025066508403
2017-12-22T21:59:59Z,93.20131605502533,69.79496876966218
2017-12-22T22:59:59Z,92.92763534564737,68.21487605704247
2017-12-22T23:59:59Z,92.85925451652493,69.28963330979386
2017-12-23T00:59:59Z,92.85102754772103,68.92992232111042
2017-12-23T01:59:59Z,93.29513497796752,70.83632034085147
2017-12-23T02:59:59Z,93.15353242494555,70.46135573017395
2017-12-23T03:59:59Z,93.17563655454603,69.7794295124514
2017-12-23T04:59:59Z,93.21034913064845,68.56848816881424
2017-12-23T05:59:59Z,92.89283343844626,68.9270277803335
2017-12-23T06:59:59Z,92.72339574045617,69.61682085174542
2017-12-23T07:59:59Z,92.3562321632216,68.65269561289746
2017-12-23T08:59:59Z,92.70164787178504,69.71962069345236
2017-12-23T09:59:59Z,92.62100953976267,71.52128177372096
2017-12-23T10:59:59Z,92.45915966783461,71.58239056418364
2017-12-23T11:59:59Z,92.81875668831636,71.66682713992772
2017-12-23T12:59:59Z,92.91850974852919,70.8158383863851
2017-12-23T13:59:59Z,92.74308261306449,70.10111477710487
2017-12-23T14:59:59Z,92.80508264942279,70.70794465170077
2017-12-23T15:59:59Z,93.49871417110764,70.73516377841976
2017-12-23T16:59:59Z,93.9032660035437,70.15996186661584
2017-12-23T17:59:59Z,94.0587978271698,68.73955560666681
2017-12-23T18:59:59Z,94.15908581050937,68.94294463716906
2017-12-23T19:59:59Z,94.02481053451157,70.35921795426938
2017-12-23T20:59:59Z,94.47530407484952,72.36836048120061
2017-12-23T21:59:59Z,94.18981677192696,72.91344404935226
2017-12-23T22:59:59Z,93.78228085540817,72.25524036244249
2017-12-23T23:59:59Z,93.0001317861027,71.42259422183888
2017-12-24T00:59:59Z,92.58340114721078,72.3175065016003
2017-12-24T01:59:59Z,92.88942715857567,72.02817088653458
2017-12-24T02:59:59Z,83.65379300330035,69.84171435623459
2017-12-24T03:59:59Z,81.4162414681623,73.62342174962303
2017-12-24T04:59:59Z,87.17169979184209,65.36390760750474
2017-12-24T05:59:59Z,93.74595393873642,71.99211226560666
2017-12-24T06:59:59Z,94.5260228696008,70.59514407029282
2017-12-24T07:59:59Z,92.10850001108452,68.13280873384602
2017-12-24T08:59:59Z,92.99886732566993,69.91896601775613
2017-12-24T09:59:59Z,89.11312724251975,67.04674248923648
2017-12-24T10:59:59Z,92.95615110851035,71.99986026698896
2017-12-24T11:59:59Z,93.78990377583041,71.44788560310505
2017-12-24T12:59:59Z,93.2416820135168,69.44193221480042
2017-12-24T13:59:59Z,93.13645316964686,69.28836373334646
2017-12-24T14:59:59Z,92.6567175195363,70.5130829819715
2017-12-24T15:59:59Z,92.78635821305639,71.6866898933582
2017-12-24T16:59:59Z,92.67227176536436,66.56110709152584
2017-12-24T17:59:59Z,92.6296874179219,66.23563579637245
2017-12-24T18:59:59Z,92.72043186221723,67.06124061972125
2017-12-24T19:59:59Z,93.0815102900857,66.4130471222451
2017-12-24T20:59:59Z,92.744854346522,64.36509473831698
2017-12-24T21:59:59Z,92.46302111092238,66.03594550811837
2017-12-24T22:59:59Z,92.32162167980341,68.47885092785626
2017-12-24T23:59:59Z,92.51763006232888,69.93232384803244
2017-12-25T00:59:59Z,92.70111826598561,70.03887357744756
2017-12-25T01:59:59Z,92.8163394313242,69.4409821757032
2017-12-25T02:59:59Z,92.52450962039408,68.86795506627894
2017-12-25T03:59:59Z,92.36702740111309,70.16471011370346
2017-12-25T04:59:59Z,92.13235779522967,69.16586714175924
2017-12-25T05:59:59Z,92.07212417500158,68.53297977561614
2017-12-25T06:59:59Z,92.39107129171386,68.98734123453801
2017-12-25T07:59:59Z,92.40528557106146,68.92608202771292
2017-12-25T08:59:59Z,92.18124530245764,68.42032941573075
2017-12-25T09:59:59Z,91.4722520221931,67.02637144735338
2017-12-25T10:59:59Z,90.21668960494087,65.69309293983436
2017-12-25T11:59:59Z,90.17598759136382,66.66390717678259
2017-12-25T12:59:59Z,90.32075289066589,68.20575579861307
2017-12-25T13:59:59Z,91.36795902792858,69.04235231712812
2017-12-25T14:59:59Z,92.41083473383534,68.23118103485459
2017-12-25T15:59:59Z,93.21089362496433,70.15664919952582
2017-12-25T16:59:59Z,91.85978415339628,64.47737704573014
2017-12-25T17:59:59Z,90.89504019142105,56.707221983071165
2017-12-25T18:59:59Z,89.30631531464346,71.9376654392154
2017-12-25T19:59:59Z,86.42524381379378,69.69374596168227
2017-12-25T20:59:59Z,86.73219131798037,70.98667201642046
2017-12-25T21:59:59Z,87.19596275632776,72.79187294704147
2017-12-25T22:59:59Z,86.18978724346945,71.7498183936818
2017-12-25T23:59:59Z,86.58208954899656,72.00954653517586
2017-12-26T00:59:59Z,86.14334145293923,71.59301011524084
2017-12-26T01:59:59Z,85.88532452633179,71.05185529777754
2017-12-26T02:59:59Z,86.51037954124942,71.97597952621989
2017-12-26T03:59:59Z,86.77518722655611,72.17237887202695
2017-12-26T04:59:59Z,86.61191390610892,71.7211640766449
2017-12-26T05:59:59Z,86.59915444751155,71.41831748718259
2017-12-26T06:59:59Z,86.83168223395714,71.34343118141173
2017-12-26T07:59:59Z,84.58683107189691,69.94111930843579
2017-12-26T08:59:59Z,85.7318760315432,70.79045854782807
2017-12-26T09:59:59Z,87.0159244346255,71.87025981455584
2017-12-26T10:59:59Z,87.0530861716839,71.59168598363611
2017-12-26T11:59:59Z,86.90187946208644,71.23034379574803
2017-12-26T12:59:59Z,86.90033850063391,71.40028116248412
2017-12-26T13:59:59Z,87.27312674669005,71.69213371870201
2017-12-26T14:59:59Z,87.20088234754893,71.91163327684839
2017-12-26T15:59:59Z,87.29320710151883,71.99305840790693
2017-12-26T16:59:59Z,87.29142260647579,72.01890664145775
2017-12-26T17:59:59Z,87.26317696383983,71.82731633277078
2017-12-26T18:59:59Z,87.48202379886636,71.8279822953701
2017-12-26T19:59:59Z,87.895467797752,72.42210978093725
2017-12-26T20:59:59Z,88.39399913641483,72.72923661217308
2017-12-26T21:59:59Z,88.66835727329125,72.96326303968178
2017-12-26T22:59:59Z,89.0487939629407,73.25643076487141
2017-12-26T23:59:59Z,92.68030943731627,70.69461137124526
2017-12-27T00:59:59Z,92.43777231395465,64.22652152121913
2017-12-27T01:59:59Z,92.54267467392815,61.67348901504304
2017-12-27T02:59:59Z,92.48235597646321,64.84882703781554
2017-12-27T03:59:59Z,94.51945809731195,67.77516616498542
2017-12-27T04:59:59Z,93.53373834259004,55.95830904636154
2017-12-27T05:59:59Z,93.24139700477333,53.69694321918867
2017-12-27T06:59:59Z,93.22985734105937,60.532607404470355
2017-12-27T07:59:59Z,94.4820623978522,70.98790340425771
2017-12-27T08:59:59Z,93.4204420497353,75.02831836801812
2017-12-27T09:59:59Z,94.87825751869818,72.61264522668894
2017-12-27T10:59:59Z,89.84540084518429,70.45712341900294
2017-12-27T11:59:59Z,89.93704710819027,71.73235645685425
2017-12-27T12:59:59Z,86.47795660628387,67.87962769833318
2017-12-27T13:59:59Z,85.05868484774555,68.8498240494145
2017-12-27T14:59:59Z,84.38369667318572,69.70720316028088
2017-12-27T15:59:59Z,87.20274553903606,72.77102430398178
2017-12-27T16:59:59Z,87.16876675410151,71.8148820433724
2017-12-27T17:59:59Z,89.0917803003273,70.92652378640678
2017-12-27T18:59:59Z,89.12195400584349,71.35783763974818
2017-12-27T19:59:59Z,91.35327256991643,62.011574729033974
2017-12-27T20:59:59Z,91.77290008872328,71.88269644203238
2017-12-27T21:59:59Z,93.3670071641974,73.74235822751369
2017-12-27T22:59:59Z,93.44900141468216,74.5614805342908
2017-12-27T23:59:59Z,92.7588059499008,76.05472923000866
2017-12-28T00:59:59Z,92.7373303283876,72.96114941701428
2017-12-28T01:59:59Z,93.55383677633164,67.99171779623661
2017-12-28T02:59:59Z,93.9194689633028,59.83635422306921
2017-12-28T03:59:59Z,93.11419590102005,54.21793717825455
2017-12-28T04:59:59Z,92.97150329590089,50.54704533790604
2017-12-28T05:59:59Z,91.69027094935848,51.79088422078257
2017-12-28T06:59:59Z,92.02868480132872,61.62950236071358
2017-12-28T07:59:59Z,92.31509519227116,69.61196076658523
2017-12-28T08:59:59Z,92.6001741244568,71.16970963515425
2017-12-28T09:59:59Z,92.83566578914134,71.28074340882357
2017-12-28T10:59:59Z,92.92382175850534,70.60975433110993
2017-12-28T11:59:59Z,93.22614903699794,69.63358643095741
2017-12-28T12:59:59Z,93.23672945486635,66.72096899747935
2017-12-28T13:59:59Z,93.05433555716867,63.50707772178934
2017-12-28T14:59:59Z,92.82757600738186,65.9233222309718
2017-12-28T15:59:59Z,92.75222522563004,68.20834697374718
2017-12-28T16:59:59Z,93.30006414037783,70.84053238867833
2017-12-28T17:59:59Z,93.62213252821724,73.48326877104029
2017-12-28T18:59:59Z,93.3436300664405,72.63389757791299
2017-12-28T19:59:59Z,93.7969385998529,73.06984667123038
2017-12-28T20:59:59Z,94.32322957743614,72.57555239584961
2017-12-28T21:59:59Z,94.36823649919805,71.8241345980584
2017-12-28T22:59:59Z,94.57187950026581,72.03673448751921
2017-12-28T23:59:59Z,94.49114332942105,72.41648202677725
2017-12-29T00:59:59Z,94.01160442042071,72.89076391172452
2017-12-29T01:59:59Z,93.5542302585521,72.56946559900851
2017-12-29T02:59:59Z,93.53500173955734,72.236061886557
2017-12-29T03:59:59Z,93.5693399758176,72.58978739512011
2017-12-29T04:59:59Z,93.84055025493038,73.23264159883074
2017-12-29T05:59:59Z,93.97776707639244,72.35708470953647
2017-12-29T06:59:59Z,93.76047236920579,71.23559433996293
2017-12-29T07:59:59Z,93.53183367594994,68.2638174886981
2017-12-29T08:59:59Z,93.68883095498086,70.55934731412017
2017-12-29T09:59:59Z,93.42161611560391,71.63158879475847
2017-12-29T10:59:59Z,93.46699205988068,72.07133609606628
2017-12-29T11:59:59Z,93.299355872381,71.85483707157395
2017-12-29T12:59:59Z,93.47164578473667,71.62719983234994
2017-12-29T13:59:59Z,93.6915215225964,71.98742987438754
2017-12-29T14:59:59Z,93.4052430013711,72.69674589853564
2017-12-29T15:59:59Z,93.76372125618819,73.74731651195711
2017-12-29T16:59:59Z,94.03530800207406,74.32225850740423
2017-12-29T17:59:59Z,93.88609103635355,73.49961895169706
2017-12-29T18:59:59Z,93.06909114043576,72.34642307307217
2017-12-29T19:59:59Z,91.82266176455994,70.75540296243594
2017-12-29T20:59:59Z,91.06728969208919,71.39458833181502
2017-12-29T21:59:59Z,91.71863570012604,72.97807242682319
2017-12-29T22:59:59Z,92.52078961821259,74.83322834598738
2017-12-29T23:59:59Z,93.62269616491139,76.29639688666312
2017-12-30T00:59:59Z,93.88784894476007,75.96475920259086
2017-12-30T01:59:59Z,94.71771677275223,77.44516795234752
2017-12-30T02:59:59Z,94.55650604356605,76.83746558491376
2017-12-30T03:59:59Z,94.03270463862629,75.29906470289771
2017-12-30T04:59:59Z,93.36854918911541,74.0698933637535
2017-12-30T05:59:59Z,92.10705157112706,71.6273872682834
2017-12-30T06:59:59Z,91.3691947747939,70.70318783165985
2017-12-30T07:59:59Z,91.39438508116129,71.51392462107307
2017-12-30T08:59:59Z,90.03339495199796,67.661739465727
2017-12-30T09:59:59Z,81.12933284365153,55.56028708811118
2017-12-30T10:59:59Z,71.57829610204442,69.69338550796408
2017-12-30T11:59:59Z,87.98794781767918,70.9631326350645
2017-12-30T12:59:59Z,87.64020311975685,69.90576444903765
2017-12-30T13:59:59Z,88.19753505893947,68.79515666431567
2017-12-30T14:59:59Z,86.6056054289961,66.49065275905988
2017-12-30T15:59:59Z,88.06542978421422,64.3458153353904
2017-12-30T16:59:59Z,89.78602650504843,64.30623751713394
2017-12-30T17:59:59Z,90.86796861465369,67.99277421789067
2017-12-30T18:59:59Z,90.57871451706936,70.23532553001348
2017-12-30T19:59:59Z,88.20493199295132,69.35998218519227
2017-12-30T20:59:59Z,88.47931458953333,69.81261853210289
2017-12-30T21:59:59Z,89.74084198455458,69.50529023646456
2017-12-30T22:59:59Z,86.90951620755966,69.40757961157867
2017-12-30T23:59:59Z,88.0349646891618,68.28420319227972
2017-12-31T00:59:59Z,89.86965636541173,67.49448572563273
2017-12-31T01:59:59Z,90.27941705167427,65.75630044771617
2017-12-31T02:59:59Z,89.29692066076372,64.99237061942736
2017-12-31T03:59:59Z,91.27195468346468,68.46655692314822
2017-12-31T04:59:59Z,91.52744375267206,69.0952790030279
2017-12-31T05:59:59Z,90.28486199483301,66.53438709578661
2017-12-31T06:59:59Z,90.77040735675533,66.08193794125964
2017-12-31T07:59:59Z,91.63880560185379,68.48149548910864
2017-12-31T08:59:59Z,91.42753329957104,69.0494082473715
2017-12-31T09:59:59Z,91.80869101880283,68.18950440175907
2017-12-31T10:59:59Z,92.1962561174353,67.61848083048835
2017-12-31T11:59:59Z,91.09934679493627,67.66258984424215
2017-12-31T12:59:59Z,90.12156580987842,67.90641067605317
2017-12-31T13:59:59Z,91.2993814576959,69.3748153427951
2017-12-31T14:59:59Z,91.14738352979569,67.8293583356958
2017-12-31T15:59:59Z,90.97635807787279,65.73992376884013
2017-12-31T16:59:59Z,92.04363074491327,67.01206937446531
2017-12-31T17:59:59Z,92.33942515508085,68.29710587667188
2017-12-31T18:59:59Z,92.00958283472379,67.33885408503183
2017-12-31T19:59:59Z,92.33568282012467,68.23423963078325
2017-12-31T20:59:59Z,91.84475100564396,67.61679751162444
2017-12-31T21:59:59Z,91.6352100251312,66.38364686085141
2017-12-31T22:59:59Z,92.68731448430584,66.2157638854691
2017-12-31T23:59:59Z,92.69199160540197,67.18211068826015
